Method;Job;AnalyzeLaunchVariance;EvaluateOverhead;MaxAbsoluteError;MaxRelativeError;MinInvokeCount;MinIterationTime;OutlierMode;Affinity;EnvironmentVariables;Jit;LargeAddressAware;Platform;PowerPlanMode;Runtime;AllowVeryLargeObjects;Concurrent;CpuGroups;Force;HeapAffinitizeMask;HeapCount;NoAffinitize;RetainVm;Server;Arguments;BuildConfiguration;Clock;EngineFactory;NuGetReferences;Toolchain;IsMutator;InvocationCount;IterationCount;IterationTime;LaunchCount;MaxIterationCount;MaxWarmupIterationCount;MemoryRandomization;MinIterationCount;MinWarmupIterationCount;RunStrategy;UnrollFactor;WarmupCount;DictionarySize;Mean;Error;StdDev;Ratio;RatioSD
Dictionary;Job-XVIZFR;False;Default;Default;Default;Default;Default;Default;11111111;Empty;RyuJit;Default;X64;8c5e7fda-e8bf-4a96-9a85-a6e23a8c635c;.NET 8.0;False;True;False;True;Default;Default;False;False;False;Default;Default;Default;Default;Default;Default;Default;Default;25;Default;Default;Default;Default;Default;Default;Default;Default;16;Default;11;216.9 ns;2.21 ns;2.95 ns;baseline;
FrozenDictionary;Job-XVIZFR;False;Default;Default;Default;Default;Default;Default;11111111;Empty;RyuJit;Default;X64;8c5e7fda-e8bf-4a96-9a85-a6e23a8c635c;.NET 8.0;False;True;False;True;Default;Default;False;False;False;Default;Default;Default;Default;Default;Default;Default;Default;25;Default;Default;Default;Default;Default;Default;Default;Default;16;Default;11;176.2 ns;2.19 ns;2.76 ns;-19%;2.1%
Dictionary;Job-XVIZFR;False;Default;Default;Default;Default;Default;Default;11111111;Empty;RyuJit;Default;X64;8c5e7fda-e8bf-4a96-9a85-a6e23a8c635c;.NET 8.0;False;True;False;True;Default;Default;False;False;False;Default;Default;Default;Default;Default;Default;Default;Default;25;Default;Default;Default;Default;Default;Default;Default;Default;16;Default;20;384.7 ns;6.69 ns;8.69 ns;baseline;
FrozenDictionary;Job-XVIZFR;False;Default;Default;Default;Default;Default;Default;11111111;Empty;RyuJit;Default;X64;8c5e7fda-e8bf-4a96-9a85-a6e23a8c635c;.NET 8.0;False;True;False;True;Default;Default;False;False;False;Default;Default;Default;Default;Default;Default;Default;Default;25;Default;Default;Default;Default;Default;Default;Default;Default;16;Default;20;312.6 ns;5.83 ns;7.78 ns;-19%;3.9%
Dictionary;Job-XVIZFR;False;Default;Default;Default;Default;Default;Default;11111111;Empty;RyuJit;Default;X64;8c5e7fda-e8bf-4a96-9a85-a6e23a8c635c;.NET 8.0;False;True;False;True;Default;Default;False;False;False;Default;Default;Default;Default;Default;Default;Default;Default;25;Default;Default;Default;Default;Default;Default;Default;Default;16;Default;29;553.3 ns;10.29 ns;13.73 ns;baseline;
FrozenDictionary;Job-XVIZFR;False;Default;Default;Default;Default;Default;Default;11111111;Empty;RyuJit;Default;X64;8c5e7fda-e8bf-4a96-9a85-a6e23a8c635c;.NET 8.0;False;True;False;True;Default;Default;False;False;False;Default;Default;Default;Default;Default;Default;Default;Default;25;Default;Default;Default;Default;Default;Default;Default;Default;16;Default;29;448.4 ns;8.15 ns;10.88 ns;-19%;3.0%
Dictionary;Job-XVIZFR;False;Default;Default;Default;Default;Default;Default;11111111;Empty;RyuJit;Default;X64;8c5e7fda-e8bf-4a96-9a85-a6e23a8c635c;.NET 8.0;False;True;False;True;Default;Default;False;False;False;Default;Default;Default;Default;Default;Default;Default;Default;25;Default;Default;Default;Default;Default;Default;Default;Default;16;Default;38;724.5 ns;14.82 ns;19.27 ns;baseline;
FrozenDictionary;Job-XVIZFR;False;Default;Default;Default;Default;Default;Default;11111111;Empty;RyuJit;Default;X64;8c5e7fda-e8bf-4a96-9a85-a6e23a8c635c;.NET 8.0;False;True;False;True;Default;Default;False;False;False;Default;Default;Default;Default;Default;Default;Default;Default;25;Default;Default;Default;Default;Default;Default;Default;Default;16;Default;38;585.9 ns;14.24 ns;19.01 ns;-19%;4.5%
Dictionary;Job-XVIZFR;False;Default;Default;Default;Default;Default;Default;11111111;Empty;RyuJit;Default;X64;8c5e7fda-e8bf-4a96-9a85-a6e23a8c635c;.NET 8.0;False;True;False;True;Default;Default;False;False;False;Default;Default;Default;Default;Default;Default;Default;Default;25;Default;Default;Default;Default;Default;Default;Default;Default;16;Default;47;866.6 ns;20.85 ns;27.84 ns;baseline;
FrozenDictionary;Job-XVIZFR;False;Default;Default;Default;Default;Default;Default;11111111;Empty;RyuJit;Default;X64;8c5e7fda-e8bf-4a96-9a85-a6e23a8c635c;.NET 8.0;False;True;False;True;Default;Default;False;False;False;Default;Default;Default;Default;Default;Default;Default;Default;25;Default;Default;Default;Default;Default;Default;Default;Default;16;Default;47;719.6 ns;11.79 ns;14.92 ns;-17%;3.2%
Dictionary;Job-XVIZFR;False;Default;Default;Default;Default;Default;Default;11111111;Empty;RyuJit;Default;X64;8c5e7fda-e8bf-4a96-9a85-a6e23a8c635c;.NET 8.0;False;True;False;True;Default;Default;False;False;False;Default;Default;Default;Default;Default;Default;Default;Default;25;Default;Default;Default;Default;Default;Default;Default;Default;16;Default;56;"1,049.2 ns";22.80 ns;30.43 ns;baseline;
FrozenDictionary;Job-XVIZFR;False;Default;Default;Default;Default;Default;Default;11111111;Empty;RyuJit;Default;X64;8c5e7fda-e8bf-4a96-9a85-a6e23a8c635c;.NET 8.0;False;True;False;True;Default;Default;False;False;False;Default;Default;Default;Default;Default;Default;Default;Default;25;Default;Default;Default;Default;Default;Default;Default;Default;16;Default;56;848.5 ns;17.01 ns;22.12 ns;-19%;2.9%
Dictionary;Job-XVIZFR;False;Default;Default;Default;Default;Default;Default;11111111;Empty;RyuJit;Default;X64;8c5e7fda-e8bf-4a96-9a85-a6e23a8c635c;.NET 8.0;False;True;False;True;Default;Default;False;False;False;Default;Default;Default;Default;Default;Default;Default;Default;25;Default;Default;Default;Default;Default;Default;Default;Default;16;Default;65;"1,215.8 ns";26.02 ns;34.74 ns;baseline;
FrozenDictionary;Job-XVIZFR;False;Default;Default;Default;Default;Default;Default;11111111;Empty;RyuJit;Default;X64;8c5e7fda-e8bf-4a96-9a85-a6e23a8c635c;.NET 8.0;False;True;False;True;Default;Default;False;False;False;Default;Default;Default;Default;Default;Default;Default;Default;25;Default;Default;Default;Default;Default;Default;Default;Default;16;Default;65;983.9 ns;19.61 ns;25.50 ns;-19%;3.7%
Dictionary;Job-XVIZFR;False;Default;Default;Default;Default;Default;Default;11111111;Empty;RyuJit;Default;X64;8c5e7fda-e8bf-4a96-9a85-a6e23a8c635c;.NET 8.0;False;True;False;True;Default;Default;False;False;False;Default;Default;Default;Default;Default;Default;Default;Default;25;Default;Default;Default;Default;Default;Default;Default;Default;16;Default;74;"1,390.0 ns";27.35 ns;35.56 ns;baseline;
FrozenDictionary;Job-XVIZFR;False;Default;Default;Default;Default;Default;Default;11111111;Empty;RyuJit;Default;X64;8c5e7fda-e8bf-4a96-9a85-a6e23a8c635c;.NET 8.0;False;True;False;True;Default;Default;False;False;False;Default;Default;Default;Default;Default;Default;Default;Default;25;Default;Default;Default;Default;Default;Default;Default;Default;16;Default;74;"1,122.1 ns";22.00 ns;29.36 ns;-19%;4.2%
Dictionary;Job-XVIZFR;False;Default;Default;Default;Default;Default;Default;11111111;Empty;RyuJit;Default;X64;8c5e7fda-e8bf-4a96-9a85-a6e23a8c635c;.NET 8.0;False;True;False;True;Default;Default;False;False;False;Default;Default;Default;Default;Default;Default;Default;Default;25;Default;Default;Default;Default;Default;Default;Default;Default;16;Default;83;"1,560.7 ns";28.17 ns;37.60 ns;baseline;
FrozenDictionary;Job-XVIZFR;False;Default;Default;Default;Default;Default;Default;11111111;Empty;RyuJit;Default;X64;8c5e7fda-e8bf-4a96-9a85-a6e23a8c635c;.NET 8.0;False;True;False;True;Default;Default;False;False;False;Default;Default;Default;Default;Default;Default;Default;Default;25;Default;Default;Default;Default;Default;Default;Default;Default;16;Default;83;"1,259.5 ns";26.26 ns;34.14 ns;-19%;3.7%
Dictionary;Job-XVIZFR;False;Default;Default;Default;Default;Default;Default;11111111;Empty;RyuJit;Default;X64;8c5e7fda-e8bf-4a96-9a85-a6e23a8c635c;.NET 8.0;False;True;False;True;Default;Default;False;False;False;Default;Default;Default;Default;Default;Default;Default;Default;25;Default;Default;Default;Default;Default;Default;Default;Default;16;Default;92;"1,705.1 ns";35.72 ns;47.68 ns;baseline;
FrozenDictionary;Job-XVIZFR;False;Default;Default;Default;Default;Default;Default;11111111;Empty;RyuJit;Default;X64;8c5e7fda-e8bf-4a96-9a85-a6e23a8c635c;.NET 8.0;False;True;False;True;Default;Default;False;False;False;Default;Default;Default;Default;Default;Default;Default;Default;25;Default;Default;Default;Default;Default;Default;Default;Default;16;Default;92;"1,400.6 ns";25.86 ns;34.53 ns;-18%;3.7%
Dictionary;Job-XVIZFR;False;Default;Default;Default;Default;Default;Default;11111111;Empty;RyuJit;Default;X64;8c5e7fda-e8bf-4a96-9a85-a6e23a8c635c;.NET 8.0;False;True;False;True;Default;Default;False;False;False;Default;Default;Default;Default;Default;Default;Default;Default;25;Default;Default;Default;Default;Default;Default;Default;Default;16;Default;100;"1,847.2 ns";32.99 ns;44.04 ns;baseline;
FrozenDictionary;Job-XVIZFR;False;Default;Default;Default;Default;Default;Default;11111111;Empty;RyuJit;Default;X64;8c5e7fda-e8bf-4a96-9a85-a6e23a8c635c;.NET 8.0;False;True;False;True;Default;Default;False;False;False;Default;Default;Default;Default;Default;Default;Default;Default;25;Default;Default;Default;Default;Default;Default;Default;Default;16;Default;100;"1,520.2 ns";38.48 ns;50.03 ns;-18%;4.1%
Dictionary;Job-XVIZFR;False;Default;Default;Default;Default;Default;Default;11111111;Empty;RyuJit;Default;X64;8c5e7fda-e8bf-4a96-9a85-a6e23a8c635c;.NET 8.0;False;True;False;True;Default;Default;False;False;False;Default;Default;Default;Default;Default;Default;Default;Default;25;Default;Default;Default;Default;Default;Default;Default;Default;16;Default;136;"2,533.3 ns";73.15 ns;97.65 ns;baseline;
FrozenDictionary;Job-XVIZFR;False;Default;Default;Default;Default;Default;Default;11111111;Empty;RyuJit;Default;X64;8c5e7fda-e8bf-4a96-9a85-a6e23a8c635c;.NET 8.0;False;True;False;True;Default;Default;False;False;False;Default;Default;Default;Default;Default;Default;Default;Default;25;Default;Default;Default;Default;Default;Default;Default;Default;16;Default;136;"2,064.8 ns";41.31 ns;55.15 ns;-18%;4.5%
Dictionary;Job-XVIZFR;False;Default;Default;Default;Default;Default;Default;11111111;Empty;RyuJit;Default;X64;8c5e7fda-e8bf-4a96-9a85-a6e23a8c635c;.NET 8.0;False;True;False;True;Default;Default;False;False;False;Default;Default;Default;Default;Default;Default;Default;Default;25;Default;Default;Default;Default;Default;Default;Default;Default;16;Default;172;"3,189.1 ns";60.49 ns;80.75 ns;baseline;
FrozenDictionary;Job-XVIZFR;False;Default;Default;Default;Default;Default;Default;11111111;Empty;RyuJit;Default;X64;8c5e7fda-e8bf-4a96-9a85-a6e23a8c635c;.NET 8.0;False;True;False;True;Default;Default;False;False;False;Default;Default;Default;Default;Default;Default;Default;Default;25;Default;Default;Default;Default;Default;Default;Default;Default;16;Default;172;"2,619.0 ns";57.10 ns;74.25 ns;-18%;4.2%
Dictionary;Job-XVIZFR;False;Default;Default;Default;Default;Default;Default;11111111;Empty;RyuJit;Default;X64;8c5e7fda-e8bf-4a96-9a85-a6e23a8c635c;.NET 8.0;False;True;False;True;Default;Default;False;False;False;Default;Default;Default;Default;Default;Default;Default;Default;25;Default;Default;Default;Default;Default;Default;Default;Default;16;Default;208;"3,865.3 ns";76.22 ns;101.75 ns;baseline;
FrozenDictionary;Job-XVIZFR;False;Default;Default;Default;Default;Default;Default;11111111;Empty;RyuJit;Default;X64;8c5e7fda-e8bf-4a96-9a85-a6e23a8c635c;.NET 8.0;False;True;False;True;Default;Default;False;False;False;Default;Default;Default;Default;Default;Default;Default;Default;25;Default;Default;Default;Default;Default;Default;Default;Default;16;Default;208;"3,164.5 ns";62.69 ns;81.52 ns;-18%;3.7%
Dictionary;Job-XVIZFR;False;Default;Default;Default;Default;Default;Default;11111111;Empty;RyuJit;Default;X64;8c5e7fda-e8bf-4a96-9a85-a6e23a8c635c;.NET 8.0;False;True;False;True;Default;Default;False;False;False;Default;Default;Default;Default;Default;Default;Default;Default;25;Default;Default;Default;Default;Default;Default;Default;Default;16;Default;244;"4,524.5 ns";78.21 ns;104.41 ns;baseline;
FrozenDictionary;Job-XVIZFR;False;Default;Default;Default;Default;Default;Default;11111111;Empty;RyuJit;Default;X64;8c5e7fda-e8bf-4a96-9a85-a6e23a8c635c;.NET 8.0;False;True;False;True;Default;Default;False;False;False;Default;Default;Default;Default;Default;Default;Default;Default;25;Default;Default;Default;Default;Default;Default;Default;Default;16;Default;244;"3,677.5 ns";52.24 ns;67.92 ns;-19%;2.3%
Dictionary;Job-XVIZFR;False;Default;Default;Default;Default;Default;Default;11111111;Empty;RyuJit;Default;X64;8c5e7fda-e8bf-4a96-9a85-a6e23a8c635c;.NET 8.0;False;True;False;True;Default;Default;False;False;False;Default;Default;Default;Default;Default;Default;Default;Default;25;Default;Default;Default;Default;Default;Default;Default;Default;16;Default;280;"5,234.4 ns";89.21 ns;119.10 ns;baseline;
FrozenDictionary;Job-XVIZFR;False;Default;Default;Default;Default;Default;Default;11111111;Empty;RyuJit;Default;X64;8c5e7fda-e8bf-4a96-9a85-a6e23a8c635c;.NET 8.0;False;True;False;True;Default;Default;False;False;False;Default;Default;Default;Default;Default;Default;Default;Default;25;Default;Default;Default;Default;Default;Default;Default;Default;16;Default;280;"4,272.8 ns";62.19 ns;83.02 ns;-18%;3.6%
Dictionary;Job-XVIZFR;False;Default;Default;Default;Default;Default;Default;11111111;Empty;RyuJit;Default;X64;8c5e7fda-e8bf-4a96-9a85-a6e23a8c635c;.NET 8.0;False;True;False;True;Default;Default;False;False;False;Default;Default;Default;Default;Default;Default;Default;Default;25;Default;Default;Default;Default;Default;Default;Default;Default;16;Default;316;"5,841.2 ns";119.87 ns;155.86 ns;baseline;
FrozenDictionary;Job-XVIZFR;False;Default;Default;Default;Default;Default;Default;11111111;Empty;RyuJit;Default;X64;8c5e7fda-e8bf-4a96-9a85-a6e23a8c635c;.NET 8.0;False;True;False;True;Default;Default;False;False;False;Default;Default;Default;Default;Default;Default;Default;Default;25;Default;Default;Default;Default;Default;Default;Default;Default;16;Default;316;"4,827.3 ns";101.85 ns;135.97 ns;-17%;4.6%
Dictionary;Job-XVIZFR;False;Default;Default;Default;Default;Default;Default;11111111;Empty;RyuJit;Default;X64;8c5e7fda-e8bf-4a96-9a85-a6e23a8c635c;.NET 8.0;False;True;False;True;Default;Default;False;False;False;Default;Default;Default;Default;Default;Default;Default;Default;25;Default;Default;Default;Default;Default;Default;Default;Default;16;Default;352;"6,593.9 ns";75.74 ns;101.12 ns;baseline;
FrozenDictionary;Job-XVIZFR;False;Default;Default;Default;Default;Default;Default;11111111;Empty;RyuJit;Default;X64;8c5e7fda-e8bf-4a96-9a85-a6e23a8c635c;.NET 8.0;False;True;False;True;Default;Default;False;False;False;Default;Default;Default;Default;Default;Default;Default;Default;25;Default;Default;Default;Default;Default;Default;Default;Default;16;Default;352;"5,345.6 ns";93.09 ns;124.28 ns;-19%;2.8%
Dictionary;Job-XVIZFR;False;Default;Default;Default;Default;Default;Default;11111111;Empty;RyuJit;Default;X64;8c5e7fda-e8bf-4a96-9a85-a6e23a8c635c;.NET 8.0;False;True;False;True;Default;Default;False;False;False;Default;Default;Default;Default;Default;Default;Default;Default;25;Default;Default;Default;Default;Default;Default;Default;Default;16;Default;388;"7,202.0 ns";105.77 ns;141.20 ns;baseline;
FrozenDictionary;Job-XVIZFR;False;Default;Default;Default;Default;Default;Default;11111111;Empty;RyuJit;Default;X64;8c5e7fda-e8bf-4a96-9a85-a6e23a8c635c;.NET 8.0;False;True;False;True;Default;Default;False;False;False;Default;Default;Default;Default;Default;Default;Default;Default;25;Default;Default;Default;Default;Default;Default;Default;Default;16;Default;388;"5,933.5 ns";113.04 ns;150.90 ns;-18%;3.0%
Dictionary;Job-XVIZFR;False;Default;Default;Default;Default;Default;Default;11111111;Empty;RyuJit;Default;X64;8c5e7fda-e8bf-4a96-9a85-a6e23a8c635c;.NET 8.0;False;True;False;True;Default;Default;False;False;False;Default;Default;Default;Default;Default;Default;Default;Default;25;Default;Default;Default;Default;Default;Default;Default;Default;16;Default;424;"7,925.1 ns";167.68 ns;223.84 ns;baseline;
FrozenDictionary;Job-XVIZFR;False;Default;Default;Default;Default;Default;Default;11111111;Empty;RyuJit;Default;X64;8c5e7fda-e8bf-4a96-9a85-a6e23a8c635c;.NET 8.0;False;True;False;True;Default;Default;False;False;False;Default;Default;Default;Default;Default;Default;Default;Default;25;Default;Default;Default;Default;Default;Default;Default;Default;16;Default;424;"6,473.1 ns";125.87 ns;168.03 ns;-18%;3.2%
Dictionary;Job-XVIZFR;False;Default;Default;Default;Default;Default;Default;11111111;Empty;RyuJit;Default;X64;8c5e7fda-e8bf-4a96-9a85-a6e23a8c635c;.NET 8.0;False;True;False;True;Default;Default;False;False;False;Default;Default;Default;Default;Default;Default;Default;Default;25;Default;Default;Default;Default;Default;Default;Default;Default;16;Default;460;"8,484.8 ns";179.50 ns;233.40 ns;baseline;
FrozenDictionary;Job-XVIZFR;False;Default;Default;Default;Default;Default;Default;11111111;Empty;RyuJit;Default;X64;8c5e7fda-e8bf-4a96-9a85-a6e23a8c635c;.NET 8.0;False;True;False;True;Default;Default;False;False;False;Default;Default;Default;Default;Default;Default;Default;Default;25;Default;Default;Default;Default;Default;Default;Default;Default;16;Default;460;"6,930.8 ns";143.50 ns;176.23 ns;-18%;3.5%
Dictionary;Job-XVIZFR;False;Default;Default;Default;Default;Default;Default;11111111;Empty;RyuJit;Default;X64;8c5e7fda-e8bf-4a96-9a85-a6e23a8c635c;.NET 8.0;False;True;False;True;Default;Default;False;False;False;Default;Default;Default;Default;Default;Default;Default;Default;25;Default;Default;Default;Default;Default;Default;Default;Default;16;Default;496;"9,236.7 ns";216.96 ns;289.63 ns;baseline;
FrozenDictionary;Job-XVIZFR;False;Default;Default;Default;Default;Default;Default;11111111;Empty;RyuJit;Default;X64;8c5e7fda-e8bf-4a96-9a85-a6e23a8c635c;.NET 8.0;False;True;False;True;Default;Default;False;False;False;Default;Default;Default;Default;Default;Default;Default;Default;25;Default;Default;Default;Default;Default;Default;Default;Default;16;Default;496;"7,399.9 ns";161.98 ns;216.23 ns;-20%;4.6%
Dictionary;Job-XVIZFR;False;Default;Default;Default;Default;Default;Default;11111111;Empty;RyuJit;Default;X64;8c5e7fda-e8bf-4a96-9a85-a6e23a8c635c;.NET 8.0;False;True;False;True;Default;Default;False;False;False;Default;Default;Default;Default;Default;Default;Default;Default;25;Default;Default;Default;Default;Default;Default;Default;Default;16;Default;532;"9,925.7 ns";227.25 ns;295.48 ns;baseline;
FrozenDictionary;Job-XVIZFR;False;Default;Default;Default;Default;Default;Default;11111111;Empty;RyuJit;Default;X64;8c5e7fda-e8bf-4a96-9a85-a6e23a8c635c;.NET 8.0;False;True;False;True;Default;Default;False;False;False;Default;Default;Default;Default;Default;Default;Default;Default;25;Default;Default;Default;Default;Default;Default;Default;Default;16;Default;532;"7,979.1 ns";179.01 ns;232.76 ns;-20%;3.2%
Dictionary;Job-XVIZFR;False;Default;Default;Default;Default;Default;Default;11111111;Empty;RyuJit;Default;X64;8c5e7fda-e8bf-4a96-9a85-a6e23a8c635c;.NET 8.0;False;True;False;True;Default;Default;False;False;False;Default;Default;Default;Default;Default;Default;Default;Default;25;Default;Default;Default;Default;Default;Default;Default;Default;16;Default;568;"10,495.3 ns";219.55 ns;293.09 ns;baseline;
FrozenDictionary;Job-XVIZFR;False;Default;Default;Default;Default;Default;Default;11111111;Empty;RyuJit;Default;X64;8c5e7fda-e8bf-4a96-9a85-a6e23a8c635c;.NET 8.0;False;True;False;True;Default;Default;False;False;False;Default;Default;Default;Default;Default;Default;Default;Default;25;Default;Default;Default;Default;Default;Default;Default;Default;16;Default;568;"8,570.8 ns";261.19 ns;348.68 ns;-18%;5.5%
Dictionary;Job-XVIZFR;False;Default;Default;Default;Default;Default;Default;11111111;Empty;RyuJit;Default;X64;8c5e7fda-e8bf-4a96-9a85-a6e23a8c635c;.NET 8.0;False;True;False;True;Default;Default;False;False;False;Default;Default;Default;Default;Default;Default;Default;Default;25;Default;Default;Default;Default;Default;Default;Default;Default;16;Default;604;"11,238.0 ns";266.61 ns;355.91 ns;baseline;
FrozenDictionary;Job-XVIZFR;False;Default;Default;Default;Default;Default;Default;11111111;Empty;RyuJit;Default;X64;8c5e7fda-e8bf-4a96-9a85-a6e23a8c635c;.NET 8.0;False;True;False;True;Default;Default;False;False;False;Default;Default;Default;Default;Default;Default;Default;Default;25;Default;Default;Default;Default;Default;Default;Default;Default;16;Default;604;"9,071.6 ns";203.45 ns;271.60 ns;-19%;4.0%
Dictionary;Job-XVIZFR;False;Default;Default;Default;Default;Default;Default;11111111;Empty;RyuJit;Default;X64;8c5e7fda-e8bf-4a96-9a85-a6e23a8c635c;.NET 8.0;False;True;False;True;Default;Default;False;False;False;Default;Default;Default;Default;Default;Default;Default;Default;25;Default;Default;Default;Default;Default;Default;Default;Default;16;Default;640;"11,901.4 ns";244.99 ns;327.05 ns;baseline;
FrozenDictionary;Job-XVIZFR;False;Default;Default;Default;Default;Default;Default;11111111;Empty;RyuJit;Default;X64;8c5e7fda-e8bf-4a96-9a85-a6e23a8c635c;.NET 8.0;False;True;False;True;Default;Default;False;False;False;Default;Default;Default;Default;Default;Default;Default;Default;25;Default;Default;Default;Default;Default;Default;Default;Default;16;Default;640;"9,669.8 ns";217.31 ns;290.10 ns;-19%;4.5%
Dictionary;Job-XVIZFR;False;Default;Default;Default;Default;Default;Default;11111111;Empty;RyuJit;Default;X64;8c5e7fda-e8bf-4a96-9a85-a6e23a8c635c;.NET 8.0;False;True;False;True;Default;Default;False;False;False;Default;Default;Default;Default;Default;Default;Default;Default;25;Default;Default;Default;Default;Default;Default;Default;Default;16;Default;676;"12,635.9 ns";255.30 ns;340.81 ns;baseline;
FrozenDictionary;Job-XVIZFR;False;Default;Default;Default;Default;Default;Default;11111111;Empty;RyuJit;Default;X64;8c5e7fda-e8bf-4a96-9a85-a6e23a8c635c;.NET 8.0;False;True;False;True;Default;Default;False;False;False;Default;Default;Default;Default;Default;Default;Default;Default;25;Default;Default;Default;Default;Default;Default;Default;Default;16;Default;676;"10,065.4 ns";217.72 ns;290.64 ns;-20%;4.3%
Dictionary;Job-XVIZFR;False;Default;Default;Default;Default;Default;Default;11111111;Empty;RyuJit;Default;X64;8c5e7fda-e8bf-4a96-9a85-a6e23a8c635c;.NET 8.0;False;True;False;True;Default;Default;False;False;False;Default;Default;Default;Default;Default;Default;Default;Default;25;Default;Default;Default;Default;Default;Default;Default;Default;16;Default;712;"13,242.1 ns";254.28 ns;339.46 ns;baseline;
FrozenDictionary;Job-XVIZFR;False;Default;Default;Default;Default;Default;Default;11111111;Empty;RyuJit;Default;X64;8c5e7fda-e8bf-4a96-9a85-a6e23a8c635c;.NET 8.0;False;True;False;True;Default;Default;False;False;False;Default;Default;Default;Default;Default;Default;Default;Default;25;Default;Default;Default;Default;Default;Default;Default;Default;16;Default;712;"10,859.0 ns";215.81 ns;288.10 ns;-18%;3.6%
Dictionary;Job-XVIZFR;False;Default;Default;Default;Default;Default;Default;11111111;Empty;RyuJit;Default;X64;8c5e7fda-e8bf-4a96-9a85-a6e23a8c635c;.NET 8.0;False;True;False;True;Default;Default;False;False;False;Default;Default;Default;Default;Default;Default;Default;Default;25;Default;Default;Default;Default;Default;Default;Default;Default;16;Default;748;"13,831.7 ns";280.86 ns;374.94 ns;baseline;
FrozenDictionary;Job-XVIZFR;False;Default;Default;Default;Default;Default;Default;11111111;Empty;RyuJit;Default;X64;8c5e7fda-e8bf-4a96-9a85-a6e23a8c635c;.NET 8.0;False;True;False;True;Default;Default;False;False;False;Default;Default;Default;Default;Default;Default;Default;Default;25;Default;Default;Default;Default;Default;Default;Default;Default;16;Default;748;"11,318.3 ns";225.18 ns;300.61 ns;-18%;3.9%
Dictionary;Job-XVIZFR;False;Default;Default;Default;Default;Default;Default;11111111;Empty;RyuJit;Default;X64;8c5e7fda-e8bf-4a96-9a85-a6e23a8c635c;.NET 8.0;False;True;False;True;Default;Default;False;False;False;Default;Default;Default;Default;Default;Default;Default;Default;25;Default;Default;Default;Default;Default;Default;Default;Default;16;Default;784;"14,319.7 ns";309.33 ns;402.21 ns;baseline;
FrozenDictionary;Job-XVIZFR;False;Default;Default;Default;Default;Default;Default;11111111;Empty;RyuJit;Default;X64;8c5e7fda-e8bf-4a96-9a85-a6e23a8c635c;.NET 8.0;False;True;False;True;Default;Default;False;False;False;Default;Default;Default;Default;Default;Default;Default;Default;25;Default;Default;Default;Default;Default;Default;Default;Default;16;Default;784;"11,759.3 ns";203.39 ns;271.52 ns;-18%;3.6%
Dictionary;Job-XVIZFR;False;Default;Default;Default;Default;Default;Default;11111111;Empty;RyuJit;Default;X64;8c5e7fda-e8bf-4a96-9a85-a6e23a8c635c;.NET 8.0;False;True;False;True;Default;Default;False;False;False;Default;Default;Default;Default;Default;Default;Default;Default;25;Default;Default;Default;Default;Default;Default;Default;Default;16;Default;820;"15,187.4 ns";352.37 ns;470.41 ns;baseline;
FrozenDictionary;Job-XVIZFR;False;Default;Default;Default;Default;Default;Default;11111111;Empty;RyuJit;Default;X64;8c5e7fda-e8bf-4a96-9a85-a6e23a8c635c;.NET 8.0;False;True;False;True;Default;Default;False;False;False;Default;Default;Default;Default;Default;Default;Default;Default;25;Default;Default;Default;Default;Default;Default;Default;Default;16;Default;820;"12,530.9 ns";261.14 ns;330.26 ns;-17%;4.5%
Dictionary;Job-XVIZFR;False;Default;Default;Default;Default;Default;Default;11111111;Empty;RyuJit;Default;X64;8c5e7fda-e8bf-4a96-9a85-a6e23a8c635c;.NET 8.0;False;True;False;True;Default;Default;False;False;False;Default;Default;Default;Default;Default;Default;Default;Default;25;Default;Default;Default;Default;Default;Default;Default;Default;16;Default;856;"15,899.1 ns";402.57 ns;537.42 ns;baseline;
FrozenDictionary;Job-XVIZFR;False;Default;Default;Default;Default;Default;Default;11111111;Empty;RyuJit;Default;X64;8c5e7fda-e8bf-4a96-9a85-a6e23a8c635c;.NET 8.0;False;True;False;True;Default;Default;False;False;False;Default;Default;Default;Default;Default;Default;Default;Default;25;Default;Default;Default;Default;Default;Default;Default;Default;16;Default;856;"12,971.8 ns";234.12 ns;296.09 ns;-18%;4.2%
Dictionary;Job-XVIZFR;False;Default;Default;Default;Default;Default;Default;11111111;Empty;RyuJit;Default;X64;8c5e7fda-e8bf-4a96-9a85-a6e23a8c635c;.NET 8.0;False;True;False;True;Default;Default;False;False;False;Default;Default;Default;Default;Default;Default;Default;Default;25;Default;Default;Default;Default;Default;Default;Default;Default;16;Default;892;"16,745.3 ns";493.78 ns;659.19 ns;baseline;
FrozenDictionary;Job-XVIZFR;False;Default;Default;Default;Default;Default;Default;11111111;Empty;RyuJit;Default;X64;8c5e7fda-e8bf-4a96-9a85-a6e23a8c635c;.NET 8.0;False;True;False;True;Default;Default;False;False;False;Default;Default;Default;Default;Default;Default;Default;Default;25;Default;Default;Default;Default;Default;Default;Default;Default;16;Default;892;"13,443.6 ns";228.42 ns;304.93 ns;-20%;3.7%
Dictionary;Job-XVIZFR;False;Default;Default;Default;Default;Default;Default;11111111;Empty;RyuJit;Default;X64;8c5e7fda-e8bf-4a96-9a85-a6e23a8c635c;.NET 8.0;False;True;False;True;Default;Default;False;False;False;Default;Default;Default;Default;Default;Default;Default;Default;25;Default;Default;Default;Default;Default;Default;Default;Default;16;Default;928;"17,252.5 ns";387.15 ns;516.84 ns;baseline;
FrozenDictionary;Job-XVIZFR;False;Default;Default;Default;Default;Default;Default;11111111;Empty;RyuJit;Default;X64;8c5e7fda-e8bf-4a96-9a85-a6e23a8c635c;.NET 8.0;False;True;False;True;Default;Default;False;False;False;Default;Default;Default;Default;Default;Default;Default;Default;25;Default;Default;Default;Default;Default;Default;Default;Default;16;Default;928;"13,861.4 ns";302.25 ns;403.50 ns;-20%;4.1%
Dictionary;Job-XVIZFR;False;Default;Default;Default;Default;Default;Default;11111111;Empty;RyuJit;Default;X64;8c5e7fda-e8bf-4a96-9a85-a6e23a8c635c;.NET 8.0;False;True;False;True;Default;Default;False;False;False;Default;Default;Default;Default;Default;Default;Default;Default;25;Default;Default;Default;Default;Default;Default;Default;Default;16;Default;964;"17,958.8 ns";303.64 ns;394.82 ns;baseline;
FrozenDictionary;Job-XVIZFR;False;Default;Default;Default;Default;Default;Default;11111111;Empty;RyuJit;Default;X64;8c5e7fda-e8bf-4a96-9a85-a6e23a8c635c;.NET 8.0;False;True;False;True;Default;Default;False;False;False;Default;Default;Default;Default;Default;Default;Default;Default;25;Default;Default;Default;Default;Default;Default;Default;Default;16;Default;964;"14,307.7 ns";303.11 ns;404.65 ns;-20%;3.2%
Dictionary;Job-XVIZFR;False;Default;Default;Default;Default;Default;Default;11111111;Empty;RyuJit;Default;X64;8c5e7fda-e8bf-4a96-9a85-a6e23a8c635c;.NET 8.0;False;True;False;True;Default;Default;False;False;False;Default;Default;Default;Default;Default;Default;Default;Default;25;Default;Default;Default;Default;Default;Default;Default;Default;16;Default;1000;"18,985.4 ns";485.31 ns;613.77 ns;baseline;
FrozenDictionary;Job-XVIZFR;False;Default;Default;Default;Default;Default;Default;11111111;Empty;RyuJit;Default;X64;8c5e7fda-e8bf-4a96-9a85-a6e23a8c635c;.NET 8.0;False;True;False;True;Default;Default;False;False;False;Default;Default;Default;Default;Default;Default;Default;Default;25;Default;Default;Default;Default;Default;Default;Default;Default;16;Default;1000;"15,060.6 ns";290.56 ns;387.89 ns;-20%;3.7%
Dictionary;Job-XVIZFR;False;Default;Default;Default;Default;Default;Default;11111111;Empty;RyuJit;Default;X64;8c5e7fda-e8bf-4a96-9a85-a6e23a8c635c;.NET 8.0;False;True;False;True;Default;Default;False;False;False;Default;Default;Default;Default;Default;Default;Default;Default;25;Default;Default;Default;Default;Default;Default;Default;Default;16;Default;1360;"25,414.2 ns";549.16 ns;714.06 ns;baseline;
FrozenDictionary;Job-XVIZFR;False;Default;Default;Default;Default;Default;Default;11111111;Empty;RyuJit;Default;X64;8c5e7fda-e8bf-4a96-9a85-a6e23a8c635c;.NET 8.0;False;True;False;True;Default;Default;False;False;False;Default;Default;Default;Default;Default;Default;Default;Default;25;Default;Default;Default;Default;Default;Default;Default;Default;16;Default;1360;"20,655.2 ns";388.84 ns;519.09 ns;-19%;3.8%
Dictionary;Job-XVIZFR;False;Default;Default;Default;Default;Default;Default;11111111;Empty;RyuJit;Default;X64;8c5e7fda-e8bf-4a96-9a85-a6e23a8c635c;.NET 8.0;False;True;False;True;Default;Default;False;False;False;Default;Default;Default;Default;Default;Default;Default;Default;25;Default;Default;Default;Default;Default;Default;Default;Default;16;Default;1720;"32,126.7 ns";602.48 ns;804.29 ns;baseline;
FrozenDictionary;Job-XVIZFR;False;Default;Default;Default;Default;Default;Default;11111111;Empty;RyuJit;Default;X64;8c5e7fda-e8bf-4a96-9a85-a6e23a8c635c;.NET 8.0;False;True;False;True;Default;Default;False;False;False;Default;Default;Default;Default;Default;Default;Default;Default;25;Default;Default;Default;Default;Default;Default;Default;Default;16;Default;1720;"26,308.9 ns";420.17 ns;546.34 ns;-18%;3.3%
Dictionary;Job-XVIZFR;False;Default;Default;Default;Default;Default;Default;11111111;Empty;RyuJit;Default;X64;8c5e7fda-e8bf-4a96-9a85-a6e23a8c635c;.NET 8.0;False;True;False;True;Default;Default;False;False;False;Default;Default;Default;Default;Default;Default;Default;Default;25;Default;Default;Default;Default;Default;Default;Default;Default;16;Default;2080;"38,662.4 ns";828.22 ns;"1,105.65 ns";baseline;
FrozenDictionary;Job-XVIZFR;False;Default;Default;Default;Default;Default;Default;11111111;Empty;RyuJit;Default;X64;8c5e7fda-e8bf-4a96-9a85-a6e23a8c635c;.NET 8.0;False;True;False;True;Default;Default;False;False;False;Default;Default;Default;Default;Default;Default;Default;Default;25;Default;Default;Default;Default;Default;Default;Default;Default;16;Default;2080;"31,232.3 ns";630.90 ns;820.35 ns;-19%;3.8%
Dictionary;Job-XVIZFR;False;Default;Default;Default;Default;Default;Default;11111111;Empty;RyuJit;Default;X64;8c5e7fda-e8bf-4a96-9a85-a6e23a8c635c;.NET 8.0;False;True;False;True;Default;Default;False;False;False;Default;Default;Default;Default;Default;Default;Default;Default;25;Default;Default;Default;Default;Default;Default;Default;Default;16;Default;2440;"45,820.3 ns";723.45 ns;965.78 ns;baseline;
FrozenDictionary;Job-XVIZFR;False;Default;Default;Default;Default;Default;Default;11111111;Empty;RyuJit;Default;X64;8c5e7fda-e8bf-4a96-9a85-a6e23a8c635c;.NET 8.0;False;True;False;True;Default;Default;False;False;False;Default;Default;Default;Default;Default;Default;Default;Default;25;Default;Default;Default;Default;Default;Default;Default;Default;16;Default;2440;"36,982.5 ns";"1,203.77 ns";"1,522.38 ns";-19%;4.9%
Dictionary;Job-XVIZFR;False;Default;Default;Default;Default;Default;Default;11111111;Empty;RyuJit;Default;X64;8c5e7fda-e8bf-4a96-9a85-a6e23a8c635c;.NET 8.0;False;True;False;True;Default;Default;False;False;False;Default;Default;Default;Default;Default;Default;Default;Default;25;Default;Default;Default;Default;Default;Default;Default;Default;16;Default;2800;"51,980.4 ns";902.58 ns;"1,204.92 ns";baseline;
FrozenDictionary;Job-XVIZFR;False;Default;Default;Default;Default;Default;Default;11111111;Empty;RyuJit;Default;X64;8c5e7fda-e8bf-4a96-9a85-a6e23a8c635c;.NET 8.0;False;True;False;True;Default;Default;False;False;False;Default;Default;Default;Default;Default;Default;Default;Default;25;Default;Default;Default;Default;Default;Default;Default;Default;16;Default;2800;"42,652.6 ns";812.28 ns;"1,084.37 ns";-18%;3.3%
Dictionary;Job-XVIZFR;False;Default;Default;Default;Default;Default;Default;11111111;Empty;RyuJit;Default;X64;8c5e7fda-e8bf-4a96-9a85-a6e23a8c635c;.NET 8.0;False;True;False;True;Default;Default;False;False;False;Default;Default;Default;Default;Default;Default;Default;Default;25;Default;Default;Default;Default;Default;Default;Default;Default;16;Default;3160;"58,568.3 ns";"1,009.17 ns";"1,347.22 ns";baseline;
FrozenDictionary;Job-XVIZFR;False;Default;Default;Default;Default;Default;Default;11111111;Empty;RyuJit;Default;X64;8c5e7fda-e8bf-4a96-9a85-a6e23a8c635c;.NET 8.0;False;True;False;True;Default;Default;False;False;False;Default;Default;Default;Default;Default;Default;Default;Default;25;Default;Default;Default;Default;Default;Default;Default;Default;16;Default;3160;"47,563.4 ns";"1,064.48 ns";"1,421.04 ns";-19%;4.1%
Dictionary;Job-XVIZFR;False;Default;Default;Default;Default;Default;Default;11111111;Empty;RyuJit;Default;X64;8c5e7fda-e8bf-4a96-9a85-a6e23a8c635c;.NET 8.0;False;True;False;True;Default;Default;False;False;False;Default;Default;Default;Default;Default;Default;Default;Default;25;Default;Default;Default;Default;Default;Default;Default;Default;16;Default;3520;"66,185.1 ns";858.94 ns;"1,116.87 ns";baseline;
FrozenDictionary;Job-XVIZFR;False;Default;Default;Default;Default;Default;Default;11111111;Empty;RyuJit;Default;X64;8c5e7fda-e8bf-4a96-9a85-a6e23a8c635c;.NET 8.0;False;True;False;True;Default;Default;False;False;False;Default;Default;Default;Default;Default;Default;Default;Default;25;Default;Default;Default;Default;Default;Default;Default;Default;16;Default;3520;"53,016.7 ns";"1,031.04 ns";"1,376.41 ns";-20%;3.1%
Dictionary;Job-XVIZFR;False;Default;Default;Default;Default;Default;Default;11111111;Empty;RyuJit;Default;X64;8c5e7fda-e8bf-4a96-9a85-a6e23a8c635c;.NET 8.0;False;True;False;True;Default;Default;False;False;False;Default;Default;Default;Default;Default;Default;Default;Default;25;Default;Default;Default;Default;Default;Default;Default;Default;16;Default;3880;"71,809.9 ns";"1,579.76 ns";"2,108.93 ns";baseline;
FrozenDictionary;Job-XVIZFR;False;Default;Default;Default;Default;Default;Default;11111111;Empty;RyuJit;Default;X64;8c5e7fda-e8bf-4a96-9a85-a6e23a8c635c;.NET 8.0;False;True;False;True;Default;Default;False;False;False;Default;Default;Default;Default;Default;Default;Default;Default;25;Default;Default;Default;Default;Default;Default;Default;Default;16;Default;3880;"58,622.5 ns";"1,336.50 ns";"1,784.19 ns";-18%;2.8%
Dictionary;Job-XVIZFR;False;Default;Default;Default;Default;Default;Default;11111111;Empty;RyuJit;Default;X64;8c5e7fda-e8bf-4a96-9a85-a6e23a8c635c;.NET 8.0;False;True;False;True;Default;Default;False;False;False;Default;Default;Default;Default;Default;Default;Default;Default;25;Default;Default;Default;Default;Default;Default;Default;Default;16;Default;4240;"77,741.5 ns";"1,537.18 ns";"1,944.03 ns";baseline;
FrozenDictionary;Job-XVIZFR;False;Default;Default;Default;Default;Default;Default;11111111;Empty;RyuJit;Default;X64;8c5e7fda-e8bf-4a96-9a85-a6e23a8c635c;.NET 8.0;False;True;False;True;Default;Default;False;False;False;Default;Default;Default;Default;Default;Default;Default;Default;25;Default;Default;Default;Default;Default;Default;Default;Default;16;Default;4240;"63,313.5 ns";"1,480.26 ns";"1,976.10 ns";-19%;2.7%
Dictionary;Job-XVIZFR;False;Default;Default;Default;Default;Default;Default;11111111;Empty;RyuJit;Default;X64;8c5e7fda-e8bf-4a96-9a85-a6e23a8c635c;.NET 8.0;False;True;False;True;Default;Default;False;False;False;Default;Default;Default;Default;Default;Default;Default;Default;25;Default;Default;Default;Default;Default;Default;Default;Default;16;Default;4600;"85,118.9 ns";"1,998.72 ns";"2,668.23 ns";baseline;
FrozenDictionary;Job-XVIZFR;False;Default;Default;Default;Default;Default;Default;11111111;Empty;RyuJit;Default;X64;8c5e7fda-e8bf-4a96-9a85-a6e23a8c635c;.NET 8.0;False;True;False;True;Default;Default;False;False;False;Default;Default;Default;Default;Default;Default;Default;Default;25;Default;Default;Default;Default;Default;Default;Default;Default;16;Default;4600;"69,686.2 ns";"1,217.55 ns";"1,625.39 ns";-18%;4.3%
Dictionary;Job-XVIZFR;False;Default;Default;Default;Default;Default;Default;11111111;Empty;RyuJit;Default;X64;8c5e7fda-e8bf-4a96-9a85-a6e23a8c635c;.NET 8.0;False;True;False;True;Default;Default;False;False;False;Default;Default;Default;Default;Default;Default;Default;Default;25;Default;Default;Default;Default;Default;Default;Default;Default;16;Default;4960;"92,841.7 ns";"2,245.30 ns";"2,997.41 ns";baseline;
FrozenDictionary;Job-XVIZFR;False;Default;Default;Default;Default;Default;Default;11111111;Empty;RyuJit;Default;X64;8c5e7fda-e8bf-4a96-9a85-a6e23a8c635c;.NET 8.0;False;True;False;True;Default;Default;False;False;False;Default;Default;Default;Default;Default;Default;Default;Default;25;Default;Default;Default;Default;Default;Default;Default;Default;16;Default;4960;"74,555.4 ns";"1,604.12 ns";"2,085.81 ns";-19%;5.1%
Dictionary;Job-XVIZFR;False;Default;Default;Default;Default;Default;Default;11111111;Empty;RyuJit;Default;X64;8c5e7fda-e8bf-4a96-9a85-a6e23a8c635c;.NET 8.0;False;True;False;True;Default;Default;False;False;False;Default;Default;Default;Default;Default;Default;Default;Default;25;Default;Default;Default;Default;Default;Default;Default;Default;16;Default;5320;"99,478.7 ns";"1,946.09 ns";"2,597.97 ns";baseline;
FrozenDictionary;Job-XVIZFR;False;Default;Default;Default;Default;Default;Default;11111111;Empty;RyuJit;Default;X64;8c5e7fda-e8bf-4a96-9a85-a6e23a8c635c;.NET 8.0;False;True;False;True;Default;Default;False;False;False;Default;Default;Default;Default;Default;Default;Default;Default;25;Default;Default;Default;Default;Default;Default;Default;Default;16;Default;5320;"80,348.1 ns";"1,792.05 ns";"2,330.17 ns";-19%;3.5%
Dictionary;Job-XVIZFR;False;Default;Default;Default;Default;Default;Default;11111111;Empty;RyuJit;Default;X64;8c5e7fda-e8bf-4a96-9a85-a6e23a8c635c;.NET 8.0;False;True;False;True;Default;Default;False;False;False;Default;Default;Default;Default;Default;Default;Default;Default;25;Default;Default;Default;Default;Default;Default;Default;Default;16;Default;5680;"104,744.8 ns";"2,374.84 ns";"3,087.96 ns";baseline;
FrozenDictionary;Job-XVIZFR;False;Default;Default;Default;Default;Default;Default;11111111;Empty;RyuJit;Default;X64;8c5e7fda-e8bf-4a96-9a85-a6e23a8c635c;.NET 8.0;False;True;False;True;Default;Default;False;False;False;Default;Default;Default;Default;Default;Default;Default;Default;25;Default;Default;Default;Default;Default;Default;Default;Default;16;Default;5680;"85,845.4 ns";"1,420.07 ns";"1,846.49 ns";-18%;4.3%
Dictionary;Job-XVIZFR;False;Default;Default;Default;Default;Default;Default;11111111;Empty;RyuJit;Default;X64;8c5e7fda-e8bf-4a96-9a85-a6e23a8c635c;.NET 8.0;False;True;False;True;Default;Default;False;False;False;Default;Default;Default;Default;Default;Default;Default;Default;25;Default;Default;Default;Default;Default;Default;Default;Default;16;Default;6040;"112,195.2 ns";"1,827.16 ns";"2,439.21 ns";baseline;
FrozenDictionary;Job-XVIZFR;False;Default;Default;Default;Default;Default;Default;11111111;Empty;RyuJit;Default;X64;8c5e7fda-e8bf-4a96-9a85-a6e23a8c635c;.NET 8.0;False;True;False;True;Default;Default;False;False;False;Default;Default;Default;Default;Default;Default;Default;Default;25;Default;Default;Default;Default;Default;Default;Default;Default;16;Default;6040;"91,363.0 ns";"2,276.86 ns";"3,039.55 ns";-19%;4.2%
Dictionary;Job-XVIZFR;False;Default;Default;Default;Default;Default;Default;11111111;Empty;RyuJit;Default;X64;8c5e7fda-e8bf-4a96-9a85-a6e23a8c635c;.NET 8.0;False;True;False;True;Default;Default;False;False;False;Default;Default;Default;Default;Default;Default;Default;Default;25;Default;Default;Default;Default;Default;Default;Default;Default;16;Default;6400;"117,301.6 ns";"2,761.08 ns";"3,685.97 ns";baseline;
FrozenDictionary;Job-XVIZFR;False;Default;Default;Default;Default;Default;Default;11111111;Empty;RyuJit;Default;X64;8c5e7fda-e8bf-4a96-9a85-a6e23a8c635c;.NET 8.0;False;True;False;True;Default;Default;False;False;False;Default;Default;Default;Default;Default;Default;Default;Default;25;Default;Default;Default;Default;Default;Default;Default;Default;16;Default;6400;"96,452.3 ns";"1,619.17 ns";"2,161.55 ns";-18%;3.6%
Dictionary;Job-XVIZFR;False;Default;Default;Default;Default;Default;Default;11111111;Empty;RyuJit;Default;X64;8c5e7fda-e8bf-4a96-9a85-a6e23a8c635c;.NET 8.0;False;True;False;True;Default;Default;False;False;False;Default;Default;Default;Default;Default;Default;Default;Default;25;Default;Default;Default;Default;Default;Default;Default;Default;16;Default;6760;"135,232.7 ns";"3,315.12 ns";"4,310.59 ns";baseline;
FrozenDictionary;Job-XVIZFR;False;Default;Default;Default;Default;Default;Default;11111111;Empty;RyuJit;Default;X64;8c5e7fda-e8bf-4a96-9a85-a6e23a8c635c;.NET 8.0;False;True;False;True;Default;Default;False;False;False;Default;Default;Default;Default;Default;Default;Default;Default;25;Default;Default;Default;Default;Default;Default;Default;Default;16;Default;6760;"102,660.3 ns";"1,776.97 ns";"2,372.20 ns";-24%;3.7%
Dictionary;Job-XVIZFR;False;Default;Default;Default;Default;Default;Default;11111111;Empty;RyuJit;Default;X64;8c5e7fda-e8bf-4a96-9a85-a6e23a8c635c;.NET 8.0;False;True;False;True;Default;Default;False;False;False;Default;Default;Default;Default;Default;Default;Default;Default;25;Default;Default;Default;Default;Default;Default;Default;Default;16;Default;7120;"133,571.0 ns";"2,502.91 ns";"3,341.32 ns";baseline;
FrozenDictionary;Job-XVIZFR;False;Default;Default;Default;Default;Default;Default;11111111;Empty;RyuJit;Default;X64;8c5e7fda-e8bf-4a96-9a85-a6e23a8c635c;.NET 8.0;False;True;False;True;Default;Default;False;False;False;Default;Default;Default;Default;Default;Default;Default;Default;25;Default;Default;Default;Default;Default;Default;Default;Default;16;Default;7120;"107,663.8 ns";"1,508.99 ns";"2,014.45 ns";-19%;3.0%
Dictionary;Job-XVIZFR;False;Default;Default;Default;Default;Default;Default;11111111;Empty;RyuJit;Default;X64;8c5e7fda-e8bf-4a96-9a85-a6e23a8c635c;.NET 8.0;False;True;False;True;Default;Default;False;False;False;Default;Default;Default;Default;Default;Default;Default;Default;25;Default;Default;Default;Default;Default;Default;Default;Default;16;Default;7480;"140,184.0 ns";"3,491.04 ns";"4,660.44 ns";baseline;
FrozenDictionary;Job-XVIZFR;False;Default;Default;Default;Default;Default;Default;11111111;Empty;RyuJit;Default;X64;8c5e7fda-e8bf-4a96-9a85-a6e23a8c635c;.NET 8.0;False;True;False;True;Default;Default;False;False;False;Default;Default;Default;Default;Default;Default;Default;Default;25;Default;Default;Default;Default;Default;Default;Default;Default;16;Default;7480;"113,154.1 ns";"1,561.87 ns";"2,085.05 ns";-19%;3.3%
Dictionary;Job-XVIZFR;False;Default;Default;Default;Default;Default;Default;11111111;Empty;RyuJit;Default;X64;8c5e7fda-e8bf-4a96-9a85-a6e23a8c635c;.NET 8.0;False;True;False;True;Default;Default;False;False;False;Default;Default;Default;Default;Default;Default;Default;Default;25;Default;Default;Default;Default;Default;Default;Default;Default;16;Default;7840;"146,315.1 ns";"2,772.68 ns";"3,701.45 ns";baseline;
FrozenDictionary;Job-XVIZFR;False;Default;Default;Default;Default;Default;Default;11111111;Empty;RyuJit;Default;X64;8c5e7fda-e8bf-4a96-9a85-a6e23a8c635c;.NET 8.0;False;True;False;True;Default;Default;False;False;False;Default;Default;Default;Default;Default;Default;Default;Default;25;Default;Default;Default;Default;Default;Default;Default;Default;16;Default;7840;"118,692.4 ns";"2,261.88 ns";"2,941.09 ns";-19%;3.4%
Dictionary;Job-XVIZFR;False;Default;Default;Default;Default;Default;Default;11111111;Empty;RyuJit;Default;X64;8c5e7fda-e8bf-4a96-9a85-a6e23a8c635c;.NET 8.0;False;True;False;True;Default;Default;False;False;False;Default;Default;Default;Default;Default;Default;Default;Default;25;Default;Default;Default;Default;Default;Default;Default;Default;16;Default;8200;"154,722.6 ns";"3,535.42 ns";"4,597.05 ns";baseline;
FrozenDictionary;Job-XVIZFR;False;Default;Default;Default;Default;Default;Default;11111111;Empty;RyuJit;Default;X64;8c5e7fda-e8bf-4a96-9a85-a6e23a8c635c;.NET 8.0;False;True;False;True;Default;Default;False;False;False;Default;Default;Default;Default;Default;Default;Default;Default;25;Default;Default;Default;Default;Default;Default;Default;Default;16;Default;8200;"123,604.8 ns";"3,298.57 ns";"4,403.49 ns";-20%;5.3%
Dictionary;Job-XVIZFR;False;Default;Default;Default;Default;Default;Default;11111111;Empty;RyuJit;Default;X64;8c5e7fda-e8bf-4a96-9a85-a6e23a8c635c;.NET 8.0;False;True;False;True;Default;Default;False;False;False;Default;Default;Default;Default;Default;Default;Default;Default;25;Default;Default;Default;Default;Default;Default;Default;Default;16;Default;8560;"160,948.3 ns";"3,469.86 ns";"4,632.17 ns";baseline;
FrozenDictionary;Job-XVIZFR;False;Default;Default;Default;Default;Default;Default;11111111;Empty;RyuJit;Default;X64;8c5e7fda-e8bf-4a96-9a85-a6e23a8c635c;.NET 8.0;False;True;False;True;Default;Default;False;False;False;Default;Default;Default;Default;Default;Default;Default;Default;25;Default;Default;Default;Default;Default;Default;Default;Default;16;Default;8560;"130,382.5 ns";"2,351.55 ns";"3,139.26 ns";-19%;3.7%
Dictionary;Job-XVIZFR;False;Default;Default;Default;Default;Default;Default;11111111;Empty;RyuJit;Default;X64;8c5e7fda-e8bf-4a96-9a85-a6e23a8c635c;.NET 8.0;False;True;False;True;Default;Default;False;False;False;Default;Default;Default;Default;Default;Default;Default;Default;25;Default;Default;Default;Default;Default;Default;Default;Default;16;Default;8920;"167,990.3 ns";"3,610.42 ns";"4,819.81 ns";baseline;
FrozenDictionary;Job-XVIZFR;False;Default;Default;Default;Default;Default;Default;11111111;Empty;RyuJit;Default;X64;8c5e7fda-e8bf-4a96-9a85-a6e23a8c635c;.NET 8.0;False;True;False;True;Default;Default;False;False;False;Default;Default;Default;Default;Default;Default;Default;Default;25;Default;Default;Default;Default;Default;Default;Default;Default;16;Default;8920;"136,208.7 ns";"2,647.77 ns";"3,534.70 ns";-19%;3.8%
Dictionary;Job-XVIZFR;False;Default;Default;Default;Default;Default;Default;11111111;Empty;RyuJit;Default;X64;8c5e7fda-e8bf-4a96-9a85-a6e23a8c635c;.NET 8.0;False;True;False;True;Default;Default;False;False;False;Default;Default;Default;Default;Default;Default;Default;Default;25;Default;Default;Default;Default;Default;Default;Default;Default;16;Default;9280;"174,497.6 ns";"3,626.23 ns";"4,840.92 ns";baseline;
FrozenDictionary;Job-XVIZFR;False;Default;Default;Default;Default;Default;Default;11111111;Empty;RyuJit;Default;X64;8c5e7fda-e8bf-4a96-9a85-a6e23a8c635c;.NET 8.0;False;True;False;True;Default;Default;False;False;False;Default;Default;Default;Default;Default;Default;Default;Default;25;Default;Default;Default;Default;Default;Default;Default;Default;16;Default;9280;"145,449.3 ns";"5,800.91 ns";"7,744.05 ns";-17%;6.1%
Dictionary;Job-XVIZFR;False;Default;Default;Default;Default;Default;Default;11111111;Empty;RyuJit;Default;X64;8c5e7fda-e8bf-4a96-9a85-a6e23a8c635c;.NET 8.0;False;True;False;True;Default;Default;False;False;False;Default;Default;Default;Default;Default;Default;Default;Default;25;Default;Default;Default;Default;Default;Default;Default;Default;16;Default;9640;"181,318.2 ns";"3,361.62 ns";"4,487.67 ns";baseline;
FrozenDictionary;Job-XVIZFR;False;Default;Default;Default;Default;Default;Default;11111111;Empty;RyuJit;Default;X64;8c5e7fda-e8bf-4a96-9a85-a6e23a8c635c;.NET 8.0;False;True;False;True;Default;Default;False;False;False;Default;Default;Default;Default;Default;Default;Default;Default;25;Default;Default;Default;Default;Default;Default;Default;Default;16;Default;9640;"147,622.7 ns";"4,646.07 ns";"6,041.20 ns";-19%;4.6%
Dictionary;Job-XVIZFR;False;Default;Default;Default;Default;Default;Default;11111111;Empty;RyuJit;Default;X64;8c5e7fda-e8bf-4a96-9a85-a6e23a8c635c;.NET 8.0;False;True;False;True;Default;Default;False;False;False;Default;Default;Default;Default;Default;Default;Default;Default;25;Default;Default;Default;Default;Default;Default;Default;Default;16;Default;10000;"187,242.9 ns";"3,013.69 ns";"4,023.19 ns";baseline;
FrozenDictionary;Job-XVIZFR;False;Default;Default;Default;Default;Default;Default;11111111;Empty;RyuJit;Default;X64;8c5e7fda-e8bf-4a96-9a85-a6e23a8c635c;.NET 8.0;False;True;False;True;Default;Default;False;False;False;Default;Default;Default;Default;Default;Default;Default;Default;25;Default;Default;Default;Default;Default;Default;Default;Default;16;Default;10000;"152,413.2 ns";"3,020.85 ns";"3,927.96 ns";-19%;3.1%
Dictionary;Job-XVIZFR;False;Default;Default;Default;Default;Default;Default;11111111;Empty;RyuJit;Default;X64;8c5e7fda-e8bf-4a96-9a85-a6e23a8c635c;.NET 8.0;False;True;False;True;Default;Default;False;False;False;Default;Default;Default;Default;Default;Default;Default;Default;25;Default;Default;Default;Default;Default;Default;Default;Default;16;Default;13600;"259,251.9 ns";"3,174.59 ns";"4,237.99 ns";baseline;
FrozenDictionary;Job-XVIZFR;False;Default;Default;Default;Default;Default;Default;11111111;Empty;RyuJit;Default;X64;8c5e7fda-e8bf-4a96-9a85-a6e23a8c635c;.NET 8.0;False;True;False;True;Default;Default;False;False;False;Default;Default;Default;Default;Default;Default;Default;Default;25;Default;Default;Default;Default;Default;Default;Default;Default;16;Default;13600;"206,352.3 ns";"3,056.79 ns";"4,080.73 ns";-20%;2.4%
Dictionary;Job-XVIZFR;False;Default;Default;Default;Default;Default;Default;11111111;Empty;RyuJit;Default;X64;8c5e7fda-e8bf-4a96-9a85-a6e23a8c635c;.NET 8.0;False;True;False;True;Default;Default;False;False;False;Default;Default;Default;Default;Default;Default;Default;Default;25;Default;Default;Default;Default;Default;Default;Default;Default;16;Default;17200;"323,413.0 ns";"6,920.57 ns";"8,998.70 ns";baseline;
FrozenDictionary;Job-XVIZFR;False;Default;Default;Default;Default;Default;Default;11111111;Empty;RyuJit;Default;X64;8c5e7fda-e8bf-4a96-9a85-a6e23a8c635c;.NET 8.0;False;True;False;True;Default;Default;False;False;False;Default;Default;Default;Default;Default;Default;Default;Default;25;Default;Default;Default;Default;Default;Default;Default;Default;16;Default;17200;"262,897.4 ns";"5,979.82 ns";"7,775.45 ns";-19%;4.2%
Dictionary;Job-XVIZFR;False;Default;Default;Default;Default;Default;Default;11111111;Empty;RyuJit;Default;X64;8c5e7fda-e8bf-4a96-9a85-a6e23a8c635c;.NET 8.0;False;True;False;True;Default;Default;False;False;False;Default;Default;Default;Default;Default;Default;Default;Default;25;Default;Default;Default;Default;Default;Default;Default;Default;16;Default;20800;"391,901.3 ns";"6,309.38 ns";"8,422.84 ns";baseline;
FrozenDictionary;Job-XVIZFR;False;Default;Default;Default;Default;Default;Default;11111111;Empty;RyuJit;Default;X64;8c5e7fda-e8bf-4a96-9a85-a6e23a8c635c;.NET 8.0;False;True;False;True;Default;Default;False;False;False;Default;Default;Default;Default;Default;Default;Default;Default;25;Default;Default;Default;Default;Default;Default;Default;Default;16;Default;20800;"319,518.3 ns";"9,132.27 ns";"11,874.54 ns";-18%;4.8%
Dictionary;Job-XVIZFR;False;Default;Default;Default;Default;Default;Default;11111111;Empty;RyuJit;Default;X64;8c5e7fda-e8bf-4a96-9a85-a6e23a8c635c;.NET 8.0;False;True;False;True;Default;Default;False;False;False;Default;Default;Default;Default;Default;Default;Default;Default;25;Default;Default;Default;Default;Default;Default;Default;Default;16;Default;24400;"450,825.3 ns";"8,994.69 ns";"12,007.66 ns";baseline;
FrozenDictionary;Job-XVIZFR;False;Default;Default;Default;Default;Default;Default;11111111;Empty;RyuJit;Default;X64;8c5e7fda-e8bf-4a96-9a85-a6e23a8c635c;.NET 8.0;False;True;False;True;Default;Default;False;False;False;Default;Default;Default;Default;Default;Default;Default;Default;25;Default;Default;Default;Default;Default;Default;Default;Default;16;Default;24400;"371,520.7 ns";"7,215.15 ns";"9,381.73 ns";-17%;4.3%
Dictionary;Job-XVIZFR;False;Default;Default;Default;Default;Default;Default;11111111;Empty;RyuJit;Default;X64;8c5e7fda-e8bf-4a96-9a85-a6e23a8c635c;.NET 8.0;False;True;False;True;Default;Default;False;False;False;Default;Default;Default;Default;Default;Default;Default;Default;25;Default;Default;Default;Default;Default;Default;Default;Default;16;Default;28000;"527,153.2 ns";"10,442.89 ns";"13,940.96 ns";baseline;
FrozenDictionary;Job-XVIZFR;False;Default;Default;Default;Default;Default;Default;11111111;Empty;RyuJit;Default;X64;8c5e7fda-e8bf-4a96-9a85-a6e23a8c635c;.NET 8.0;False;True;False;True;Default;Default;False;False;False;Default;Default;Default;Default;Default;Default;Default;Default;25;Default;Default;Default;Default;Default;Default;Default;Default;16;Default;28000;"426,862.1 ns";"6,387.14 ns";"8,526.65 ns";-19%;2.4%
Dictionary;Job-XVIZFR;False;Default;Default;Default;Default;Default;Default;11111111;Empty;RyuJit;Default;X64;8c5e7fda-e8bf-4a96-9a85-a6e23a8c635c;.NET 8.0;False;True;False;True;Default;Default;False;False;False;Default;Default;Default;Default;Default;Default;Default;Default;25;Default;Default;Default;Default;Default;Default;Default;Default;16;Default;31600;"588,306.9 ns";"11,490.92 ns";"14,941.45 ns";baseline;
FrozenDictionary;Job-XVIZFR;False;Default;Default;Default;Default;Default;Default;11111111;Empty;RyuJit;Default;X64;8c5e7fda-e8bf-4a96-9a85-a6e23a8c635c;.NET 8.0;False;True;False;True;Default;Default;False;False;False;Default;Default;Default;Default;Default;Default;Default;Default;25;Default;Default;Default;Default;Default;Default;Default;Default;16;Default;31600;"476,983.4 ns";"8,619.62 ns";"11,506.95 ns";-19%;3.0%
Dictionary;Job-XVIZFR;False;Default;Default;Default;Default;Default;Default;11111111;Empty;RyuJit;Default;X64;8c5e7fda-e8bf-4a96-9a85-a6e23a8c635c;.NET 8.0;False;True;False;True;Default;Default;False;False;False;Default;Default;Default;Default;Default;Default;Default;Default;25;Default;Default;Default;Default;Default;Default;Default;Default;16;Default;35200;"665,180.5 ns";"11,542.25 ns";"15,408.58 ns";baseline;
FrozenDictionary;Job-XVIZFR;False;Default;Default;Default;Default;Default;Default;11111111;Empty;RyuJit;Default;X64;8c5e7fda-e8bf-4a96-9a85-a6e23a8c635c;.NET 8.0;False;True;False;True;Default;Default;False;False;False;Default;Default;Default;Default;Default;Default;Default;Default;25;Default;Default;Default;Default;Default;Default;Default;Default;16;Default;35200;"541,224.9 ns";"11,885.89 ns";"15,867.33 ns";-19%;4.1%
Dictionary;Job-XVIZFR;False;Default;Default;Default;Default;Default;Default;11111111;Empty;RyuJit;Default;X64;8c5e7fda-e8bf-4a96-9a85-a6e23a8c635c;.NET 8.0;False;True;False;True;Default;Default;False;False;False;Default;Default;Default;Default;Default;Default;Default;Default;25;Default;Default;Default;Default;Default;Default;Default;Default;16;Default;38800;"731,383.8 ns";"11,728.38 ns";"15,657.05 ns";baseline;
FrozenDictionary;Job-XVIZFR;False;Default;Default;Default;Default;Default;Default;11111111;Empty;RyuJit;Default;X64;8c5e7fda-e8bf-4a96-9a85-a6e23a8c635c;.NET 8.0;False;True;False;True;Default;Default;False;False;False;Default;Default;Default;Default;Default;Default;Default;Default;25;Default;Default;Default;Default;Default;Default;Default;Default;16;Default;38800;"733,345.6 ns";"17,886.76 ns";"23,878.31 ns";+0%;3.9%
Dictionary;Job-XVIZFR;False;Default;Default;Default;Default;Default;Default;11111111;Empty;RyuJit;Default;X64;8c5e7fda-e8bf-4a96-9a85-a6e23a8c635c;.NET 8.0;False;True;False;True;Default;Default;False;False;False;Default;Default;Default;Default;Default;Default;Default;Default;25;Default;Default;Default;Default;Default;Default;Default;Default;16;Default;42400;"797,439.9 ns";"15,122.59 ns";"20,188.23 ns";baseline;
FrozenDictionary;Job-XVIZFR;False;Default;Default;Default;Default;Default;Default;11111111;Empty;RyuJit;Default;X64;8c5e7fda-e8bf-4a96-9a85-a6e23a8c635c;.NET 8.0;False;True;False;True;Default;Default;False;False;False;Default;Default;Default;Default;Default;Default;Default;Default;25;Default;Default;Default;Default;Default;Default;Default;Default;16;Default;42400;"654,744.4 ns";"10,352.01 ns";"13,819.64 ns";-18%;3.2%
Dictionary;Job-XVIZFR;False;Default;Default;Default;Default;Default;Default;11111111;Empty;RyuJit;Default;X64;8c5e7fda-e8bf-4a96-9a85-a6e23a8c635c;.NET 8.0;False;True;False;True;Default;Default;False;False;False;Default;Default;Default;Default;Default;Default;Default;Default;25;Default;Default;Default;Default;Default;Default;Default;Default;16;Default;46000;"867,370.9 ns";"10,938.73 ns";"14,602.90 ns";baseline;
FrozenDictionary;Job-XVIZFR;False;Default;Default;Default;Default;Default;Default;11111111;Empty;RyuJit;Default;X64;8c5e7fda-e8bf-4a96-9a85-a6e23a8c635c;.NET 8.0;False;True;False;True;Default;Default;False;False;False;Default;Default;Default;Default;Default;Default;Default;Default;25;Default;Default;Default;Default;Default;Default;Default;Default;16;Default;46000;"709,084.0 ns";"10,215.81 ns";"13,637.81 ns";-18%;2.1%
Dictionary;Job-XVIZFR;False;Default;Default;Default;Default;Default;Default;11111111;Empty;RyuJit;Default;X64;8c5e7fda-e8bf-4a96-9a85-a6e23a8c635c;.NET 8.0;False;True;False;True;Default;Default;False;False;False;Default;Default;Default;Default;Default;Default;Default;Default;25;Default;Default;Default;Default;Default;Default;Default;Default;16;Default;49600;"923,087.3 ns";"14,642.90 ns";"19,547.85 ns";baseline;
FrozenDictionary;Job-XVIZFR;False;Default;Default;Default;Default;Default;Default;11111111;Empty;RyuJit;Default;X64;8c5e7fda-e8bf-4a96-9a85-a6e23a8c635c;.NET 8.0;False;True;False;True;Default;Default;False;False;False;Default;Default;Default;Default;Default;Default;Default;Default;25;Default;Default;Default;Default;Default;Default;Default;Default;16;Default;49600;"763,705.7 ns";"13,648.17 ns";"18,219.92 ns";-17%;3.2%
Dictionary;Job-XVIZFR;False;Default;Default;Default;Default;Default;Default;11111111;Empty;RyuJit;Default;X64;8c5e7fda-e8bf-4a96-9a85-a6e23a8c635c;.NET 8.0;False;True;False;True;Default;Default;False;False;False;Default;Default;Default;Default;Default;Default;Default;Default;25;Default;Default;Default;Default;Default;Default;Default;Default;16;Default;53200;"999,828.7 ns";"18,207.89 ns";"24,307.01 ns";baseline;
FrozenDictionary;Job-XVIZFR;False;Default;Default;Default;Default;Default;Default;11111111;Empty;RyuJit;Default;X64;8c5e7fda-e8bf-4a96-9a85-a6e23a8c635c;.NET 8.0;False;True;False;True;Default;Default;False;False;False;Default;Default;Default;Default;Default;Default;Default;Default;25;Default;Default;Default;Default;Default;Default;Default;Default;16;Default;53200;"812,079.2 ns";"11,528.75 ns";"15,390.55 ns";-19%;2.8%
Dictionary;Job-XVIZFR;False;Default;Default;Default;Default;Default;Default;11111111;Empty;RyuJit;Default;X64;8c5e7fda-e8bf-4a96-9a85-a6e23a8c635c;.NET 8.0;False;True;False;True;Default;Default;False;False;False;Default;Default;Default;Default;Default;Default;Default;Default;25;Default;Default;Default;Default;Default;Default;Default;Default;16;Default;56800;"1,077,079.3 ns";"28,296.74 ns";"36,793.76 ns";baseline;
FrozenDictionary;Job-XVIZFR;False;Default;Default;Default;Default;Default;Default;11111111;Empty;RyuJit;Default;X64;8c5e7fda-e8bf-4a96-9a85-a6e23a8c635c;.NET 8.0;False;True;False;True;Default;Default;False;False;False;Default;Default;Default;Default;Default;Default;Default;Default;25;Default;Default;Default;Default;Default;Default;Default;Default;16;Default;56800;"863,153.6 ns";"13,411.63 ns";"17,438.90 ns";-20%;3.9%
Dictionary;Job-XVIZFR;False;Default;Default;Default;Default;Default;Default;11111111;Empty;RyuJit;Default;X64;8c5e7fda-e8bf-4a96-9a85-a6e23a8c635c;.NET 8.0;False;True;False;True;Default;Default;False;False;False;Default;Default;Default;Default;Default;Default;Default;Default;25;Default;Default;Default;Default;Default;Default;Default;Default;16;Default;60400;"1,121,241.9 ns";"19,081.81 ns";"25,473.67 ns";baseline;
FrozenDictionary;Job-XVIZFR;False;Default;Default;Default;Default;Default;Default;11111111;Empty;RyuJit;Default;X64;8c5e7fda-e8bf-4a96-9a85-a6e23a8c635c;.NET 8.0;False;True;False;True;Default;Default;False;False;False;Default;Default;Default;Default;Default;Default;Default;Default;25;Default;Default;Default;Default;Default;Default;Default;Default;16;Default;60400;"909,757.2 ns";"16,842.07 ns";"21,899.45 ns";-19%;3.3%
Dictionary;Job-XVIZFR;False;Default;Default;Default;Default;Default;Default;11111111;Empty;RyuJit;Default;X64;8c5e7fda-e8bf-4a96-9a85-a6e23a8c635c;.NET 8.0;False;True;False;True;Default;Default;False;False;False;Default;Default;Default;Default;Default;Default;Default;Default;25;Default;Default;Default;Default;Default;Default;Default;Default;16;Default;64000;"1,211,801.9 ns";"36,281.91 ns";"48,435.30 ns";baseline;
FrozenDictionary;Job-XVIZFR;False;Default;Default;Default;Default;Default;Default;11111111;Empty;RyuJit;Default;X64;8c5e7fda-e8bf-4a96-9a85-a6e23a8c635c;.NET 8.0;False;True;False;True;Default;Default;False;False;False;Default;Default;Default;Default;Default;Default;Default;Default;25;Default;Default;Default;Default;Default;Default;Default;Default;16;Default;64000;"969,605.0 ns";"16,743.29 ns";"22,351.81 ns";-20%;4.9%
Dictionary;Job-XVIZFR;False;Default;Default;Default;Default;Default;Default;11111111;Empty;RyuJit;Default;X64;8c5e7fda-e8bf-4a96-9a85-a6e23a8c635c;.NET 8.0;False;True;False;True;Default;Default;False;False;False;Default;Default;Default;Default;Default;Default;Default;Default;25;Default;Default;Default;Default;Default;Default;Default;Default;16;Default;67600;"1,267,428.8 ns";"26,875.07 ns";"35,877.45 ns";baseline;
FrozenDictionary;Job-XVIZFR;False;Default;Default;Default;Default;Default;Default;11111111;Empty;RyuJit;Default;X64;8c5e7fda-e8bf-4a96-9a85-a6e23a8c635c;.NET 8.0;False;True;False;True;Default;Default;False;False;False;Default;Default;Default;Default;Default;Default;Default;Default;25;Default;Default;Default;Default;Default;Default;Default;Default;16;Default;67600;"1,020,584.0 ns";"17,650.30 ns";"23,562.64 ns";-19%;4.1%
Dictionary;Job-XVIZFR;False;Default;Default;Default;Default;Default;Default;11111111;Empty;RyuJit;Default;X64;8c5e7fda-e8bf-4a96-9a85-a6e23a8c635c;.NET 8.0;False;True;False;True;Default;Default;False;False;False;Default;Default;Default;Default;Default;Default;Default;Default;25;Default;Default;Default;Default;Default;Default;Default;Default;16;Default;71200;"1,353,442.1 ns";"38,863.58 ns";"51,881.77 ns";baseline;
FrozenDictionary;Job-XVIZFR;False;Default;Default;Default;Default;Default;Default;11111111;Empty;RyuJit;Default;X64;8c5e7fda-e8bf-4a96-9a85-a6e23a8c635c;.NET 8.0;False;True;False;True;Default;Default;False;False;False;Default;Default;Default;Default;Default;Default;Default;Default;25;Default;Default;Default;Default;Default;Default;Default;Default;16;Default;71200;"1,079,116.4 ns";"19,722.96 ns";"25,645.42 ns";-20%;4.4%
Dictionary;Job-XVIZFR;False;Default;Default;Default;Default;Default;Default;11111111;Empty;RyuJit;Default;X64;8c5e7fda-e8bf-4a96-9a85-a6e23a8c635c;.NET 8.0;False;True;False;True;Default;Default;False;False;False;Default;Default;Default;Default;Default;Default;Default;Default;25;Default;Default;Default;Default;Default;Default;Default;Default;16;Default;74800;"1,400,843.4 ns";"24,428.73 ns";"32,611.65 ns";baseline;
FrozenDictionary;Job-XVIZFR;False;Default;Default;Default;Default;Default;Default;11111111;Empty;RyuJit;Default;X64;8c5e7fda-e8bf-4a96-9a85-a6e23a8c635c;.NET 8.0;False;True;False;True;Default;Default;False;False;False;Default;Default;Default;Default;Default;Default;Default;Default;25;Default;Default;Default;Default;Default;Default;Default;Default;16;Default;74800;"1,135,613.1 ns";"15,812.49 ns";"21,109.22 ns";-19%;2.9%
Dictionary;Job-XVIZFR;False;Default;Default;Default;Default;Default;Default;11111111;Empty;RyuJit;Default;X64;8c5e7fda-e8bf-4a96-9a85-a6e23a8c635c;.NET 8.0;False;True;False;True;Default;Default;False;False;False;Default;Default;Default;Default;Default;Default;Default;Default;25;Default;Default;Default;Default;Default;Default;Default;Default;16;Default;78400;"1,471,813.3 ns";"25,410.15 ns";"33,040.37 ns";baseline;
FrozenDictionary;Job-XVIZFR;False;Default;Default;Default;Default;Default;Default;11111111;Empty;RyuJit;Default;X64;8c5e7fda-e8bf-4a96-9a85-a6e23a8c635c;.NET 8.0;False;True;False;True;Default;Default;False;False;False;Default;Default;Default;Default;Default;Default;Default;Default;25;Default;Default;Default;Default;Default;Default;Default;Default;16;Default;78400;"1,211,412.2 ns";"20,443.94 ns";"27,292.08 ns";-18%;3.3%
Dictionary;Job-XVIZFR;False;Default;Default;Default;Default;Default;Default;11111111;Empty;RyuJit;Default;X64;8c5e7fda-e8bf-4a96-9a85-a6e23a8c635c;.NET 8.0;False;True;False;True;Default;Default;False;False;False;Default;Default;Default;Default;Default;Default;Default;Default;25;Default;Default;Default;Default;Default;Default;Default;Default;16;Default;82000;"1,535,002.4 ns";"35,757.16 ns";"46,494.41 ns";baseline;
FrozenDictionary;Job-XVIZFR;False;Default;Default;Default;Default;Default;Default;11111111;Empty;RyuJit;Default;X64;8c5e7fda-e8bf-4a96-9a85-a6e23a8c635c;.NET 8.0;False;True;False;True;Default;Default;False;False;False;Default;Default;Default;Default;Default;Default;Default;Default;25;Default;Default;Default;Default;Default;Default;Default;Default;16;Default;82000;"1,240,614.7 ns";"20,847.04 ns";"27,107.04 ns";-19%;4.2%
Dictionary;Job-XVIZFR;False;Default;Default;Default;Default;Default;Default;11111111;Empty;RyuJit;Default;X64;8c5e7fda-e8bf-4a96-9a85-a6e23a8c635c;.NET 8.0;False;True;False;True;Default;Default;False;False;False;Default;Default;Default;Default;Default;Default;Default;Default;25;Default;Default;Default;Default;Default;Default;Default;Default;16;Default;85600;"1,606,218.3 ns";"29,761.44 ns";"39,730.67 ns";baseline;
FrozenDictionary;Job-XVIZFR;False;Default;Default;Default;Default;Default;Default;11111111;Empty;RyuJit;Default;X64;8c5e7fda-e8bf-4a96-9a85-a6e23a8c635c;.NET 8.0;False;True;False;True;Default;Default;False;False;False;Default;Default;Default;Default;Default;Default;Default;Default;25;Default;Default;Default;Default;Default;Default;Default;Default;16;Default;85600;"1,303,831.7 ns";"23,158.97 ns";"30,113.20 ns";-19%;3.6%
Dictionary;Job-XVIZFR;False;Default;Default;Default;Default;Default;Default;11111111;Empty;RyuJit;Default;X64;8c5e7fda-e8bf-4a96-9a85-a6e23a8c635c;.NET 8.0;False;True;False;True;Default;Default;False;False;False;Default;Default;Default;Default;Default;Default;Default;Default;25;Default;Default;Default;Default;Default;Default;Default;Default;16;Default;89200;"1,679,783.3 ns";"26,388.36 ns";"35,227.70 ns";baseline;
FrozenDictionary;Job-XVIZFR;False;Default;Default;Default;Default;Default;Default;11111111;Empty;RyuJit;Default;X64;8c5e7fda-e8bf-4a96-9a85-a6e23a8c635c;.NET 8.0;False;True;False;True;Default;Default;False;False;False;Default;Default;Default;Default;Default;Default;Default;Default;25;Default;Default;Default;Default;Default;Default;Default;Default;16;Default;89200;"1,362,088.7 ns";"22,540.55 ns";"30,090.99 ns";-19%;2.2%
Dictionary;Job-XVIZFR;False;Default;Default;Default;Default;Default;Default;11111111;Empty;RyuJit;Default;X64;8c5e7fda-e8bf-4a96-9a85-a6e23a8c635c;.NET 8.0;False;True;False;True;Default;Default;False;False;False;Default;Default;Default;Default;Default;Default;Default;Default;25;Default;Default;Default;Default;Default;Default;Default;Default;16;Default;92800;"1,740,242.1 ns";"29,831.28 ns";"39,823.90 ns";baseline;
FrozenDictionary;Job-XVIZFR;False;Default;Default;Default;Default;Default;Default;11111111;Empty;RyuJit;Default;X64;8c5e7fda-e8bf-4a96-9a85-a6e23a8c635c;.NET 8.0;False;True;False;True;Default;Default;False;False;False;Default;Default;Default;Default;Default;Default;Default;Default;25;Default;Default;Default;Default;Default;Default;Default;Default;16;Default;92800;"1,418,652.4 ns";"25,293.46 ns";"32,888.65 ns";-18%;3.2%
Dictionary;Job-XVIZFR;False;Default;Default;Default;Default;Default;Default;11111111;Empty;RyuJit;Default;X64;8c5e7fda-e8bf-4a96-9a85-a6e23a8c635c;.NET 8.0;False;True;False;True;Default;Default;False;False;False;Default;Default;Default;Default;Default;Default;Default;Default;25;Default;Default;Default;Default;Default;Default;Default;Default;16;Default;96400;"1,810,623.0 ns";"33,438.58 ns";"43,479.60 ns";baseline;
FrozenDictionary;Job-XVIZFR;False;Default;Default;Default;Default;Default;Default;11111111;Empty;RyuJit;Default;X64;8c5e7fda-e8bf-4a96-9a85-a6e23a8c635c;.NET 8.0;False;True;False;True;Default;Default;False;False;False;Default;Default;Default;Default;Default;Default;Default;Default;25;Default;Default;Default;Default;Default;Default;Default;Default;16;Default;96400;"1,470,222.8 ns";"27,897.43 ns";"36,274.54 ns";-19%;3.7%
Dictionary;Job-XVIZFR;False;Default;Default;Default;Default;Default;Default;11111111;Empty;RyuJit;Default;X64;8c5e7fda-e8bf-4a96-9a85-a6e23a8c635c;.NET 8.0;False;True;False;True;Default;Default;False;False;False;Default;Default;Default;Default;Default;Default;Default;Default;25;Default;Default;Default;Default;Default;Default;Default;Default;16;Default;100000;"1,856,429.6 ns";"31,807.88 ns";"42,462.61 ns";baseline;
FrozenDictionary;Job-XVIZFR;False;Default;Default;Default;Default;Default;Default;11111111;Empty;RyuJit;Default;X64;8c5e7fda-e8bf-4a96-9a85-a6e23a8c635c;.NET 8.0;False;True;False;True;Default;Default;False;False;False;Default;Default;Default;Default;Default;Default;Default;Default;25;Default;Default;Default;Default;Default;Default;Default;Default;16;Default;100000;"1,517,141.4 ns";"30,358.96 ns";"40,528.34 ns";-18%;3.7%
Dictionary;Job-XVIZFR;False;Default;Default;Default;Default;Default;Default;11111111;Empty;RyuJit;Default;X64;8c5e7fda-e8bf-4a96-9a85-a6e23a8c635c;.NET 8.0;False;True;False;True;Default;Default;False;False;False;Default;Default;Default;Default;Default;Default;Default;Default;25;Default;Default;Default;Default;Default;Default;Default;Default;16;Default;136000;"2,580,646.0 ns";"43,572.25 ns";"56,656.23 ns";baseline;
FrozenDictionary;Job-XVIZFR;False;Default;Default;Default;Default;Default;Default;11111111;Empty;RyuJit;Default;X64;8c5e7fda-e8bf-4a96-9a85-a6e23a8c635c;.NET 8.0;False;True;False;True;Default;Default;False;False;False;Default;Default;Default;Default;Default;Default;Default;Default;25;Default;Default;Default;Default;Default;Default;Default;Default;16;Default;136000;"2,071,588.5 ns";"30,837.48 ns";"40,097.44 ns";-20%;2.9%
Dictionary;Job-XVIZFR;False;Default;Default;Default;Default;Default;Default;11111111;Empty;RyuJit;Default;X64;8c5e7fda-e8bf-4a96-9a85-a6e23a8c635c;.NET 8.0;False;True;False;True;Default;Default;False;False;False;Default;Default;Default;Default;Default;Default;Default;Default;25;Default;Default;Default;Default;Default;Default;Default;Default;16;Default;172000;"3,218,529.1 ns";"59,489.21 ns";"77,352.78 ns";baseline;
FrozenDictionary;Job-XVIZFR;False;Default;Default;Default;Default;Default;Default;11111111;Empty;RyuJit;Default;X64;8c5e7fda-e8bf-4a96-9a85-a6e23a8c635c;.NET 8.0;False;True;False;True;Default;Default;False;False;False;Default;Default;Default;Default;Default;Default;Default;Default;25;Default;Default;Default;Default;Default;Default;Default;Default;16;Default;172000;"2,611,117.1 ns";"42,253.95 ns";"56,407.81 ns";-19%;3.3%
Dictionary;Job-XVIZFR;False;Default;Default;Default;Default;Default;Default;11111111;Empty;RyuJit;Default;X64;8c5e7fda-e8bf-4a96-9a85-a6e23a8c635c;.NET 8.0;False;True;False;True;Default;Default;False;False;False;Default;Default;Default;Default;Default;Default;Default;Default;25;Default;Default;Default;Default;Default;Default;Default;Default;16;Default;208000;"4,300,108.3 ns";"75,916.03 ns";"101,345.71 ns";baseline;
FrozenDictionary;Job-XVIZFR;False;Default;Default;Default;Default;Default;Default;11111111;Empty;RyuJit;Default;X64;8c5e7fda-e8bf-4a96-9a85-a6e23a8c635c;.NET 8.0;False;True;False;True;Default;Default;False;False;False;Default;Default;Default;Default;Default;Default;Default;Default;25;Default;Default;Default;Default;Default;Default;Default;Default;16;Default;208000;"3,130,951.7 ns";"48,822.42 ns";"63,482.93 ns";-27%;3.1%
Dictionary;Job-XVIZFR;False;Default;Default;Default;Default;Default;Default;11111111;Empty;RyuJit;Default;X64;8c5e7fda-e8bf-4a96-9a85-a6e23a8c635c;.NET 8.0;False;True;False;True;Default;Default;False;False;False;Default;Default;Default;Default;Default;Default;Default;Default;25;Default;Default;Default;Default;Default;Default;Default;Default;16;Default;244000;"4,589,997.3 ns";"95,465.32 ns";"127,443.46 ns";baseline;
FrozenDictionary;Job-XVIZFR;False;Default;Default;Default;Default;Default;Default;11111111;Empty;RyuJit;Default;X64;8c5e7fda-e8bf-4a96-9a85-a6e23a8c635c;.NET 8.0;False;True;False;True;Default;Default;False;False;False;Default;Default;Default;Default;Default;Default;Default;Default;25;Default;Default;Default;Default;Default;Default;Default;Default;16;Default;244000;"3,643,286.5 ns";"49,579.70 ns";"64,467.61 ns";-21%;3.0%
Dictionary;Job-XVIZFR;False;Default;Default;Default;Default;Default;Default;11111111;Empty;RyuJit;Default;X64;8c5e7fda-e8bf-4a96-9a85-a6e23a8c635c;.NET 8.0;False;True;False;True;Default;Default;False;False;False;Default;Default;Default;Default;Default;Default;Default;Default;25;Default;Default;Default;Default;Default;Default;Default;Default;16;Default;280000;"5,212,027.8 ns";"65,302.41 ns";"80,197.23 ns";baseline;
FrozenDictionary;Job-XVIZFR;False;Default;Default;Default;Default;Default;Default;11111111;Empty;RyuJit;Default;X64;8c5e7fda-e8bf-4a96-9a85-a6e23a8c635c;.NET 8.0;False;True;False;True;Default;Default;False;False;False;Default;Default;Default;Default;Default;Default;Default;Default;25;Default;Default;Default;Default;Default;Default;Default;Default;16;Default;280000;"4,261,366.3 ns";"31,399.39 ns";"39,710.17 ns";-18%;2.1%
Dictionary;Job-XVIZFR;False;Default;Default;Default;Default;Default;Default;11111111;Empty;RyuJit;Default;X64;8c5e7fda-e8bf-4a96-9a85-a6e23a8c635c;.NET 8.0;False;True;False;True;Default;Default;False;False;False;Default;Default;Default;Default;Default;Default;Default;Default;25;Default;Default;Default;Default;Default;Default;Default;Default;16;Default;316000;"5,808,887.9 ns";"38,571.83 ns";"50,154.27 ns";baseline;
FrozenDictionary;Job-XVIZFR;False;Default;Default;Default;Default;Default;Default;11111111;Empty;RyuJit;Default;X64;8c5e7fda-e8bf-4a96-9a85-a6e23a8c635c;.NET 8.0;False;True;False;True;Default;Default;False;False;False;Default;Default;Default;Default;Default;Default;Default;Default;25;Default;Default;Default;Default;Default;Default;Default;Default;16;Default;316000;"4,776,605.0 ns";"23,278.97 ns";"30,269.24 ns";-18%;0.9%
Dictionary;Job-XVIZFR;False;Default;Default;Default;Default;Default;Default;11111111;Empty;RyuJit;Default;X64;8c5e7fda-e8bf-4a96-9a85-a6e23a8c635c;.NET 8.0;False;True;False;True;Default;Default;False;False;False;Default;Default;Default;Default;Default;Default;Default;Default;25;Default;Default;Default;Default;Default;Default;Default;Default;16;Default;352000;"6,471,220.0 ns";"32,988.01 ns";"41,719.27 ns";baseline;
FrozenDictionary;Job-XVIZFR;False;Default;Default;Default;Default;Default;Default;11111111;Empty;RyuJit;Default;X64;8c5e7fda-e8bf-4a96-9a85-a6e23a8c635c;.NET 8.0;False;True;False;True;Default;Default;False;False;False;Default;Default;Default;Default;Default;Default;Default;Default;25;Default;Default;Default;Default;Default;Default;Default;Default;16;Default;352000;"5,289,173.0 ns";"20,946.20 ns";"25,723.81 ns";-18%;0.8%
Dictionary;Job-XVIZFR;False;Default;Default;Default;Default;Default;Default;11111111;Empty;RyuJit;Default;X64;8c5e7fda-e8bf-4a96-9a85-a6e23a8c635c;.NET 8.0;False;True;False;True;Default;Default;False;False;False;Default;Default;Default;Default;Default;Default;Default;Default;25;Default;Default;Default;Default;Default;Default;Default;Default;16;Default;388000;"7,132,471.5 ns";"59,554.97 ns";"75,317.96 ns";baseline;
FrozenDictionary;Job-XVIZFR;False;Default;Default;Default;Default;Default;Default;11111111;Empty;RyuJit;Default;X64;8c5e7fda-e8bf-4a96-9a85-a6e23a8c635c;.NET 8.0;False;True;False;True;Default;Default;False;False;False;Default;Default;Default;Default;Default;Default;Default;Default;25;Default;Default;Default;Default;Default;Default;Default;Default;16;Default;388000;"5,894,317.1 ns";"105,887.54 ns";"126,051.58 ns";-17%;2.0%
Dictionary;Job-XVIZFR;False;Default;Default;Default;Default;Default;Default;11111111;Empty;RyuJit;Default;X64;8c5e7fda-e8bf-4a96-9a85-a6e23a8c635c;.NET 8.0;False;True;False;True;Default;Default;False;False;False;Default;Default;Default;Default;Default;Default;Default;Default;25;Default;Default;Default;Default;Default;Default;Default;Default;16;Default;424000;"7,863,068.5 ns";"43,291.28 ns";"54,749.60 ns";baseline;
FrozenDictionary;Job-XVIZFR;False;Default;Default;Default;Default;Default;Default;11111111;Empty;RyuJit;Default;X64;8c5e7fda-e8bf-4a96-9a85-a6e23a8c635c;.NET 8.0;False;True;False;True;Default;Default;False;False;False;Default;Default;Default;Default;Default;Default;Default;Default;25;Default;Default;Default;Default;Default;Default;Default;Default;16;Default;424000;"6,366,128.9 ns";"32,360.19 ns";"40,925.28 ns";-19%;1.0%
Dictionary;Job-XVIZFR;False;Default;Default;Default;Default;Default;Default;11111111;Empty;RyuJit;Default;X64;8c5e7fda-e8bf-4a96-9a85-a6e23a8c635c;.NET 8.0;False;True;False;True;Default;Default;False;False;False;Default;Default;Default;Default;Default;Default;Default;Default;25;Default;Default;Default;Default;Default;Default;Default;Default;16;Default;460000;"8,545,276.7 ns";"59,289.01 ns";"74,981.61 ns";baseline;
FrozenDictionary;Job-XVIZFR;False;Default;Default;Default;Default;Default;Default;11111111;Empty;RyuJit;Default;X64;8c5e7fda-e8bf-4a96-9a85-a6e23a8c635c;.NET 8.0;False;True;False;True;Default;Default;False;False;False;Default;Default;Default;Default;Default;Default;Default;Default;25;Default;Default;Default;Default;Default;Default;Default;Default;16;Default;460000;"6,914,420.5 ns";"35,873.74 ns";"47,890.42 ns";-19%;1.1%
Dictionary;Job-XVIZFR;False;Default;Default;Default;Default;Default;Default;11111111;Empty;RyuJit;Default;X64;8c5e7fda-e8bf-4a96-9a85-a6e23a8c635c;.NET 8.0;False;True;False;True;Default;Default;False;False;False;Default;Default;Default;Default;Default;Default;Default;Default;25;Default;Default;Default;Default;Default;Default;Default;Default;16;Default;496000;"9,171,722.7 ns";"52,016.23 ns";"67,635.80 ns";baseline;
FrozenDictionary;Job-XVIZFR;False;Default;Default;Default;Default;Default;Default;11111111;Empty;RyuJit;Default;X64;8c5e7fda-e8bf-4a96-9a85-a6e23a8c635c;.NET 8.0;False;True;False;True;Default;Default;False;False;False;Default;Default;Default;Default;Default;Default;Default;Default;25;Default;Default;Default;Default;Default;Default;Default;Default;16;Default;496000;"7,490,981.8 ns";"61,696.24 ns";"75,768.52 ns";-18%;1.5%
Dictionary;Job-XVIZFR;False;Default;Default;Default;Default;Default;Default;11111111;Empty;RyuJit;Default;X64;8c5e7fda-e8bf-4a96-9a85-a6e23a8c635c;.NET 8.0;False;True;False;True;Default;Default;False;False;False;Default;Default;Default;Default;Default;Default;Default;Default;25;Default;Default;Default;Default;Default;Default;Default;Default;16;Default;532000;"9,827,892.1 ns";"71,327.07 ns";"92,745.34 ns";baseline;
FrozenDictionary;Job-XVIZFR;False;Default;Default;Default;Default;Default;Default;11111111;Empty;RyuJit;Default;X64;8c5e7fda-e8bf-4a96-9a85-a6e23a8c635c;.NET 8.0;False;True;False;True;Default;Default;False;False;False;Default;Default;Default;Default;Default;Default;Default;Default;25;Default;Default;Default;Default;Default;Default;Default;Default;16;Default;532000;"8,251,715.8 ns";"45,370.52 ns";"54,010.38 ns";-16%;0.8%
Dictionary;Job-XVIZFR;False;Default;Default;Default;Default;Default;Default;11111111;Empty;RyuJit;Default;X64;8c5e7fda-e8bf-4a96-9a85-a6e23a8c635c;.NET 8.0;False;True;False;True;Default;Default;False;False;False;Default;Default;Default;Default;Default;Default;Default;Default;25;Default;Default;Default;Default;Default;Default;Default;Default;16;Default;568000;"10,456,018.0 ns";"56,159.04 ns";"71,023.20 ns";baseline;
FrozenDictionary;Job-XVIZFR;False;Default;Default;Default;Default;Default;Default;11111111;Empty;RyuJit;Default;X64;8c5e7fda-e8bf-4a96-9a85-a6e23a8c635c;.NET 8.0;False;True;False;True;Default;Default;False;False;False;Default;Default;Default;Default;Default;Default;Default;Default;25;Default;Default;Default;Default;Default;Default;Default;Default;16;Default;568000;"8,652,538.3 ns";"79,960.86 ns";"103,971.70 ns";-17%;1.5%
Dictionary;Job-XVIZFR;False;Default;Default;Default;Default;Default;Default;11111111;Empty;RyuJit;Default;X64;8c5e7fda-e8bf-4a96-9a85-a6e23a8c635c;.NET 8.0;False;True;False;True;Default;Default;False;False;False;Default;Default;Default;Default;Default;Default;Default;Default;25;Default;Default;Default;Default;Default;Default;Default;Default;16;Default;604000;"11,213,167.4 ns";"84,994.81 ns";"104,381.27 ns";baseline;
FrozenDictionary;Job-XVIZFR;False;Default;Default;Default;Default;Default;Default;11111111;Empty;RyuJit;Default;X64;8c5e7fda-e8bf-4a96-9a85-a6e23a8c635c;.NET 8.0;False;True;False;True;Default;Default;False;False;False;Default;Default;Default;Default;Default;Default;Default;Default;25;Default;Default;Default;Default;Default;Default;Default;Default;16;Default;604000;"9,225,403.4 ns";"67,102.22 ns";"87,251.84 ns";-18%;1.4%
Dictionary;Job-XVIZFR;False;Default;Default;Default;Default;Default;Default;11111111;Empty;RyuJit;Default;X64;8c5e7fda-e8bf-4a96-9a85-a6e23a8c635c;.NET 8.0;False;True;False;True;Default;Default;False;False;False;Default;Default;Default;Default;Default;Default;Default;Default;25;Default;Default;Default;Default;Default;Default;Default;Default;16;Default;640000;"11,831,028.8 ns";"76,004.20 ns";"96,120.98 ns";baseline;
FrozenDictionary;Job-XVIZFR;False;Default;Default;Default;Default;Default;Default;11111111;Empty;RyuJit;Default;X64;8c5e7fda-e8bf-4a96-9a85-a6e23a8c635c;.NET 8.0;False;True;False;True;Default;Default;False;False;False;Default;Default;Default;Default;Default;Default;Default;Default;25;Default;Default;Default;Default;Default;Default;Default;Default;16;Default;640000;"9,764,756.8 ns";"101,163.53 ns";"127,939.47 ns";-17%;1.7%
Dictionary;Job-XVIZFR;False;Default;Default;Default;Default;Default;Default;11111111;Empty;RyuJit;Default;X64;8c5e7fda-e8bf-4a96-9a85-a6e23a8c635c;.NET 8.0;False;True;False;True;Default;Default;False;False;False;Default;Default;Default;Default;Default;Default;Default;Default;25;Default;Default;Default;Default;Default;Default;Default;Default;16;Default;676000;"12,490,743.6 ns";"63,315.15 ns";"82,327.58 ns";baseline;
FrozenDictionary;Job-XVIZFR;False;Default;Default;Default;Default;Default;Default;11111111;Empty;RyuJit;Default;X64;8c5e7fda-e8bf-4a96-9a85-a6e23a8c635c;.NET 8.0;False;True;False;True;Default;Default;False;False;False;Default;Default;Default;Default;Default;Default;Default;Default;25;Default;Default;Default;Default;Default;Default;Default;Default;16;Default;676000;"10,308,042.0 ns";"112,098.60 ns";"145,759.85 ns";-17%;1.7%
Dictionary;Job-XVIZFR;False;Default;Default;Default;Default;Default;Default;11111111;Empty;RyuJit;Default;X64;8c5e7fda-e8bf-4a96-9a85-a6e23a8c635c;.NET 8.0;False;True;False;True;Default;Default;False;False;False;Default;Default;Default;Default;Default;Default;Default;Default;25;Default;Default;Default;Default;Default;Default;Default;Default;16;Default;712000;"13,287,886.6 ns";"193,287.85 ns";"258,033.73 ns";baseline;
FrozenDictionary;Job-XVIZFR;False;Default;Default;Default;Default;Default;Default;11111111;Empty;RyuJit;Default;X64;8c5e7fda-e8bf-4a96-9a85-a6e23a8c635c;.NET 8.0;False;True;False;True;Default;Default;False;False;False;Default;Default;Default;Default;Default;Default;Default;Default;25;Default;Default;Default;Default;Default;Default;Default;Default;16;Default;712000;"10,776,884.7 ns";"83,719.47 ns";"105,878.32 ns";-19%;2.5%
Dictionary;Job-XVIZFR;False;Default;Default;Default;Default;Default;Default;11111111;Empty;RyuJit;Default;X64;8c5e7fda-e8bf-4a96-9a85-a6e23a8c635c;.NET 8.0;False;True;False;True;Default;Default;False;False;False;Default;Default;Default;Default;Default;Default;Default;Default;25;Default;Default;Default;Default;Default;Default;Default;Default;16;Default;748000;"13,690,089.7 ns";"61,175.27 ns";"72,824.81 ns";baseline;
FrozenDictionary;Job-XVIZFR;False;Default;Default;Default;Default;Default;Default;11111111;Empty;RyuJit;Default;X64;8c5e7fda-e8bf-4a96-9a85-a6e23a8c635c;.NET 8.0;False;True;False;True;Default;Default;False;False;False;Default;Default;Default;Default;Default;Default;Default;Default;25;Default;Default;Default;Default;Default;Default;Default;Default;16;Default;748000;"13,865,261.2 ns";"138,407.65 ns";"175,041.36 ns";+1%;1.4%
Dictionary;Job-XVIZFR;False;Default;Default;Default;Default;Default;Default;11111111;Empty;RyuJit;Default;X64;8c5e7fda-e8bf-4a96-9a85-a6e23a8c635c;.NET 8.0;False;True;False;True;Default;Default;False;False;False;Default;Default;Default;Default;Default;Default;Default;Default;25;Default;Default;Default;Default;Default;Default;Default;Default;16;Default;784000;"14,435,113.5 ns";"105,059.47 ns";"136,606.98 ns";baseline;
FrozenDictionary;Job-XVIZFR;False;Default;Default;Default;Default;Default;Default;11111111;Empty;RyuJit;Default;X64;8c5e7fda-e8bf-4a96-9a85-a6e23a8c635c;.NET 8.0;False;True;False;True;Default;Default;False;False;False;Default;Default;Default;Default;Default;Default;Default;Default;25;Default;Default;Default;Default;Default;Default;Default;Default;16;Default;784000;"11,817,049.3 ns";"70,164.77 ns";"91,234.02 ns";-18%;1.2%
Dictionary;Job-XVIZFR;False;Default;Default;Default;Default;Default;Default;11111111;Empty;RyuJit;Default;X64;8c5e7fda-e8bf-4a96-9a85-a6e23a8c635c;.NET 8.0;False;True;False;True;Default;Default;False;False;False;Default;Default;Default;Default;Default;Default;Default;Default;25;Default;Default;Default;Default;Default;Default;Default;Default;16;Default;820000;"15,104,457.0 ns";"123,510.52 ns";"160,598.56 ns";baseline;
FrozenDictionary;Job-XVIZFR;False;Default;Default;Default;Default;Default;Default;11111111;Empty;RyuJit;Default;X64;8c5e7fda-e8bf-4a96-9a85-a6e23a8c635c;.NET 8.0;False;True;False;True;Default;Default;False;False;False;Default;Default;Default;Default;Default;Default;Default;Default;25;Default;Default;Default;Default;Default;Default;Default;Default;16;Default;820000;"12,337,744.8 ns";"69,208.93 ns";"84,994.78 ns";-18%;1.2%
Dictionary;Job-XVIZFR;False;Default;Default;Default;Default;Default;Default;11111111;Empty;RyuJit;Default;X64;8c5e7fda-e8bf-4a96-9a85-a6e23a8c635c;.NET 8.0;False;True;False;True;Default;Default;False;False;False;Default;Default;Default;Default;Default;Default;Default;Default;25;Default;Default;Default;Default;Default;Default;Default;Default;16;Default;856000;"15,704,812.0 ns";"59,499.24 ns";"75,247.49 ns";baseline;
FrozenDictionary;Job-XVIZFR;False;Default;Default;Default;Default;Default;Default;11111111;Empty;RyuJit;Default;X64;8c5e7fda-e8bf-4a96-9a85-a6e23a8c635c;.NET 8.0;False;True;False;True;Default;Default;False;False;False;Default;Default;Default;Default;Default;Default;Default;Default;25;Default;Default;Default;Default;Default;Default;Default;Default;16;Default;856000;"12,861,401.5 ns";"44,141.00 ns";"54,209.11 ns";-18%;0.8%
Dictionary;Job-XVIZFR;False;Default;Default;Default;Default;Default;Default;11111111;Empty;RyuJit;Default;X64;8c5e7fda-e8bf-4a96-9a85-a6e23a8c635c;.NET 8.0;False;True;False;True;Default;Default;False;False;False;Default;Default;Default;Default;Default;Default;Default;Default;25;Default;Default;Default;Default;Default;Default;Default;Default;16;Default;892000;"16,475,616.3 ns";"66,009.44 ns";"83,480.81 ns";baseline;
FrozenDictionary;Job-XVIZFR;False;Default;Default;Default;Default;Default;Default;11111111;Empty;RyuJit;Default;X64;8c5e7fda-e8bf-4a96-9a85-a6e23a8c635c;.NET 8.0;False;True;False;True;Default;Default;False;False;False;Default;Default;Default;Default;Default;Default;Default;Default;25;Default;Default;Default;Default;Default;Default;Default;Default;16;Default;892000;"13,420,341.5 ns";"87,163.97 ns";"113,337.78 ns";-19%;0.8%
Dictionary;Job-XVIZFR;False;Default;Default;Default;Default;Default;Default;11111111;Empty;RyuJit;Default;X64;8c5e7fda-e8bf-4a96-9a85-a6e23a8c635c;.NET 8.0;False;True;False;True;Default;Default;False;False;False;Default;Default;Default;Default;Default;Default;Default;Default;25;Default;Default;Default;Default;Default;Default;Default;Default;16;Default;928000;"17,190,511.3 ns";"196,009.31 ns";"233,335.14 ns";baseline;
FrozenDictionary;Job-XVIZFR;False;Default;Default;Default;Default;Default;Default;11111111;Empty;RyuJit;Default;X64;8c5e7fda-e8bf-4a96-9a85-a6e23a8c635c;.NET 8.0;False;True;False;True;Default;Default;False;False;False;Default;Default;Default;Default;Default;Default;Default;Default;25;Default;Default;Default;Default;Default;Default;Default;Default;16;Default;928000;"13,912,480.3 ns";"69,813.22 ns";"88,291.37 ns";-19%;1.2%
Dictionary;Job-XVIZFR;False;Default;Default;Default;Default;Default;Default;11111111;Empty;RyuJit;Default;X64;8c5e7fda-e8bf-4a96-9a85-a6e23a8c635c;.NET 8.0;False;True;False;True;Default;Default;False;False;False;Default;Default;Default;Default;Default;Default;Default;Default;25;Default;Default;Default;Default;Default;Default;Default;Default;16;Default;964000;"17,880,760.2 ns";"104,979.50 ns";"132,765.45 ns";baseline;
FrozenDictionary;Job-XVIZFR;False;Default;Default;Default;Default;Default;Default;11111111;Empty;RyuJit;Default;X64;8c5e7fda-e8bf-4a96-9a85-a6e23a8c635c;.NET 8.0;False;True;False;True;Default;Default;False;False;False;Default;Default;Default;Default;Default;Default;Default;Default;25;Default;Default;Default;Default;Default;Default;Default;Default;16;Default;964000;"14,472,434.4 ns";"118,703.76 ns";"150,122.25 ns";-19%;1.3%
Dictionary;Job-XVIZFR;False;Default;Default;Default;Default;Default;Default;11111111;Empty;RyuJit;Default;X64;8c5e7fda-e8bf-4a96-9a85-a6e23a8c635c;.NET 8.0;False;True;False;True;Default;Default;False;False;False;Default;Default;Default;Default;Default;Default;Default;Default;25;Default;Default;Default;Default;Default;Default;Default;Default;16;Default;1000000;"18,477,838.2 ns";"118,247.18 ns";"149,544.82 ns";baseline;
FrozenDictionary;Job-XVIZFR;False;Default;Default;Default;Default;Default;Default;11111111;Empty;RyuJit;Default;X64;8c5e7fda-e8bf-4a96-9a85-a6e23a8c635c;.NET 8.0;False;True;False;True;Default;Default;False;False;False;Default;Default;Default;Default;Default;Default;Default;Default;25;Default;Default;Default;Default;Default;Default;Default;Default;16;Default;1000000;"15,154,998.4 ns";"78,566.06 ns";"93,527.31 ns";-18%;0.9%
