Method;Job;AnalyzeLaunchVariance;EvaluateOverhead;MaxAbsoluteError;MaxRelativeError;MinInvokeCount;MinIterationTime;OutlierMode;Affinity;EnvironmentVariables;Jit;LargeAddressAware;Platform;PowerPlanMode;Runtime;AllowVeryLargeObjects;Concurrent;CpuGroups;Force;HeapAffinitizeMask;HeapCount;NoAffinitize;RetainVm;Server;Arguments;BuildConfiguration;Clock;EngineFactory;NuGetReferences;Toolchain;IsMutator;InvocationCount;IterationCount;IterationTime;LaunchCount;MaxIterationCount;MaxWarmupIterationCount;MemoryRandomization;MinIterationCount;MinWarmupIterationCount;RunStrategy;UnrollFactor;WarmupCount;DictionarySize;Mean;Error;StdDev;Median;Ratio;RatioSD
Dictionary;Job-DJTJZX;False;Default;Default;Default;Default;Default;Default;11111111;Empty;RyuJit;Default;X64;8c5e7fda-e8bf-4a96-9a85-a6e23a8c635c;.NET 8.0;False;True;False;True;Default;Default;False;False;False;Default;Default;Default;Default;Default;Default;Default;Default;30;Default;Default;Default;Default;Default;Default;Default;Default;16;Default;11;61.92 ns;1.314 ns;1.884 ns;61.00 ns;baseline;
FrozenDictionary;Job-DJTJZX;False;Default;Default;Default;Default;Default;Default;11111111;Empty;RyuJit;Default;X64;8c5e7fda-e8bf-4a96-9a85-a6e23a8c635c;.NET 8.0;False;True;False;True;Default;Default;False;False;False;Default;Default;Default;Default;Default;Default;Default;Default;30;Default;Default;Default;Default;Default;Default;Default;Default;16;Default;11;39.61 ns;1.227 ns;1.836 ns;38.75 ns;-36%;5.6%
Dictionary;Job-DJTJZX;False;Default;Default;Default;Default;Default;Default;11111111;Empty;RyuJit;Default;X64;8c5e7fda-e8bf-4a96-9a85-a6e23a8c635c;.NET 8.0;False;True;False;True;Default;Default;False;False;False;Default;Default;Default;Default;Default;Default;Default;Default;30;Default;Default;Default;Default;Default;Default;Default;Default;16;Default;100;579.98 ns;16.277 ns;24.362 ns;571.49 ns;baseline;
FrozenDictionary;Job-DJTJZX;False;Default;Default;Default;Default;Default;Default;11111111;Empty;RyuJit;Default;X64;8c5e7fda-e8bf-4a96-9a85-a6e23a8c635c;.NET 8.0;False;True;False;True;Default;Default;False;False;False;Default;Default;Default;Default;Default;Default;Default;Default;30;Default;Default;Default;Default;Default;Default;Default;Default;16;Default;100;349.09 ns;8.906 ns;13.330 ns;344.19 ns;-40%;6.4%
Dictionary;Job-DJTJZX;False;Default;Default;Default;Default;Default;Default;11111111;Empty;RyuJit;Default;X64;8c5e7fda-e8bf-4a96-9a85-a6e23a8c635c;.NET 8.0;False;True;False;True;Default;Default;False;False;False;Default;Default;Default;Default;Default;Default;Default;Default;30;Default;Default;Default;Default;Default;Default;Default;Default;16;Default;136;807.43 ns;23.024 ns;34.461 ns;796.34 ns;baseline;
FrozenDictionary;Job-DJTJZX;False;Default;Default;Default;Default;Default;Default;11111111;Empty;RyuJit;Default;X64;8c5e7fda-e8bf-4a96-9a85-a6e23a8c635c;.NET 8.0;False;True;False;True;Default;Default;False;False;False;Default;Default;Default;Default;Default;Default;Default;Default;30;Default;Default;Default;Default;Default;Default;Default;Default;16;Default;136;466.86 ns;8.573 ns;12.019 ns;462.44 ns;-42%;4.7%
Dictionary;Job-DJTJZX;False;Default;Default;Default;Default;Default;Default;11111111;Empty;RyuJit;Default;X64;8c5e7fda-e8bf-4a96-9a85-a6e23a8c635c;.NET 8.0;False;True;False;True;Default;Default;False;False;False;Default;Default;Default;Default;Default;Default;Default;Default;30;Default;Default;Default;Default;Default;Default;Default;Default;16;Default;172;992.65 ns;30.844 ns;46.166 ns;979.56 ns;baseline;
FrozenDictionary;Job-DJTJZX;False;Default;Default;Default;Default;Default;Default;11111111;Empty;RyuJit;Default;X64;8c5e7fda-e8bf-4a96-9a85-a6e23a8c635c;.NET 8.0;False;True;False;True;Default;Default;False;False;False;Default;Default;Default;Default;Default;Default;Default;Default;30;Default;Default;Default;Default;Default;Default;Default;Default;16;Default;172;603.33 ns;15.054 ns;22.533 ns;597.01 ns;-39%;5.6%
Dictionary;Job-DJTJZX;False;Default;Default;Default;Default;Default;Default;11111111;Empty;RyuJit;Default;X64;8c5e7fda-e8bf-4a96-9a85-a6e23a8c635c;.NET 8.0;False;True;False;True;Default;Default;False;False;False;Default;Default;Default;Default;Default;Default;Default;Default;30;Default;Default;Default;Default;Default;Default;Default;Default;16;Default;208;"1,191.19 ns";34.458 ns;51.575 ns;"1,170.19 ns";baseline;
FrozenDictionary;Job-DJTJZX;False;Default;Default;Default;Default;Default;Default;11111111;Empty;RyuJit;Default;X64;8c5e7fda-e8bf-4a96-9a85-a6e23a8c635c;.NET 8.0;False;True;False;True;Default;Default;False;False;False;Default;Default;Default;Default;Default;Default;Default;Default;30;Default;Default;Default;Default;Default;Default;Default;Default;16;Default;208;707.94 ns;14.047 ns;19.692 ns;699.06 ns;-40%;4.4%
Dictionary;Job-DJTJZX;False;Default;Default;Default;Default;Default;Default;11111111;Empty;RyuJit;Default;X64;8c5e7fda-e8bf-4a96-9a85-a6e23a8c635c;.NET 8.0;False;True;False;True;Default;Default;False;False;False;Default;Default;Default;Default;Default;Default;Default;Default;30;Default;Default;Default;Default;Default;Default;Default;Default;16;Default;244;"1,371.84 ns";27.415 ns;38.432 ns;"1,354.06 ns";baseline;
FrozenDictionary;Job-DJTJZX;False;Default;Default;Default;Default;Default;Default;11111111;Empty;RyuJit;Default;X64;8c5e7fda-e8bf-4a96-9a85-a6e23a8c635c;.NET 8.0;False;True;False;True;Default;Default;False;False;False;Default;Default;Default;Default;Default;Default;Default;Default;30;Default;Default;Default;Default;Default;Default;Default;Default;16;Default;244;827.72 ns;12.155 ns;17.039 ns;821.01 ns;-40%;3.6%
Dictionary;Job-DJTJZX;False;Default;Default;Default;Default;Default;Default;11111111;Empty;RyuJit;Default;X64;8c5e7fda-e8bf-4a96-9a85-a6e23a8c635c;.NET 8.0;False;True;False;True;Default;Default;False;False;False;Default;Default;Default;Default;Default;Default;Default;Default;30;Default;Default;Default;Default;Default;Default;Default;Default;16;Default;280;"1,583.00 ns";39.926 ns;59.760 ns;"1,553.38 ns";baseline;
FrozenDictionary;Job-DJTJZX;False;Default;Default;Default;Default;Default;Default;11111111;Empty;RyuJit;Default;X64;8c5e7fda-e8bf-4a96-9a85-a6e23a8c635c;.NET 8.0;False;True;False;True;Default;Default;False;False;False;Default;Default;Default;Default;Default;Default;Default;Default;30;Default;Default;Default;Default;Default;Default;Default;Default;16;Default;280;975.01 ns;17.072 ns;23.368 ns;971.89 ns;-38%;4.2%
Dictionary;Job-DJTJZX;False;Default;Default;Default;Default;Default;Default;11111111;Empty;RyuJit;Default;X64;8c5e7fda-e8bf-4a96-9a85-a6e23a8c635c;.NET 8.0;False;True;False;True;Default;Default;False;False;False;Default;Default;Default;Default;Default;Default;Default;Default;30;Default;Default;Default;Default;Default;Default;Default;Default;16;Default;316;"1,811.45 ns";31.166 ns;41.606 ns;"1,810.63 ns";baseline;
FrozenDictionary;Job-DJTJZX;False;Default;Default;Default;Default;Default;Default;11111111;Empty;RyuJit;Default;X64;8c5e7fda-e8bf-4a96-9a85-a6e23a8c635c;.NET 8.0;False;True;False;True;Default;Default;False;False;False;Default;Default;Default;Default;Default;Default;Default;Default;30;Default;Default;Default;Default;Default;Default;Default;Default;16;Default;316;"1,100.29 ns";33.734 ns;50.491 ns;"1,085.72 ns";-39%;5.3%
Dictionary;Job-DJTJZX;False;Default;Default;Default;Default;Default;Default;11111111;Empty;RyuJit;Default;X64;8c5e7fda-e8bf-4a96-9a85-a6e23a8c635c;.NET 8.0;False;True;False;True;Default;Default;False;False;False;Default;Default;Default;Default;Default;Default;Default;Default;30;Default;Default;Default;Default;Default;Default;Default;Default;16;Default;352;"1,992.79 ns";42.579 ns;61.065 ns;"1,980.61 ns";baseline;
FrozenDictionary;Job-DJTJZX;False;Default;Default;Default;Default;Default;Default;11111111;Empty;RyuJit;Default;X64;8c5e7fda-e8bf-4a96-9a85-a6e23a8c635c;.NET 8.0;False;True;False;True;Default;Default;False;False;False;Default;Default;Default;Default;Default;Default;Default;Default;30;Default;Default;Default;Default;Default;Default;Default;Default;16;Default;352;"1,188.76 ns";13.671 ns;19.607 ns;"1,182.49 ns";-40%;2.9%
Dictionary;Job-DJTJZX;False;Default;Default;Default;Default;Default;Default;11111111;Empty;RyuJit;Default;X64;8c5e7fda-e8bf-4a96-9a85-a6e23a8c635c;.NET 8.0;False;True;False;True;Default;Default;False;False;False;Default;Default;Default;Default;Default;Default;Default;Default;30;Default;Default;Default;Default;Default;Default;Default;Default;16;Default;388;"2,246.50 ns";58.266 ns;87.209 ns;"2,222.41 ns";baseline;
FrozenDictionary;Job-DJTJZX;False;Default;Default;Default;Default;Default;Default;11111111;Empty;RyuJit;Default;X64;8c5e7fda-e8bf-4a96-9a85-a6e23a8c635c;.NET 8.0;False;True;False;True;Default;Default;False;False;False;Default;Default;Default;Default;Default;Default;Default;Default;30;Default;Default;Default;Default;Default;Default;Default;Default;16;Default;388;"1,352.91 ns";41.706 ns;62.424 ns;"1,332.65 ns";-40%;5.4%
Dictionary;Job-DJTJZX;False;Default;Default;Default;Default;Default;Default;11111111;Empty;RyuJit;Default;X64;8c5e7fda-e8bf-4a96-9a85-a6e23a8c635c;.NET 8.0;False;True;False;True;Default;Default;False;False;False;Default;Default;Default;Default;Default;Default;Default;Default;30;Default;Default;Default;Default;Default;Default;Default;Default;16;Default;424;"2,367.44 ns";37.674 ns;48.987 ns;"2,353.64 ns";baseline;
FrozenDictionary;Job-DJTJZX;False;Default;Default;Default;Default;Default;Default;11111111;Empty;RyuJit;Default;X64;8c5e7fda-e8bf-4a96-9a85-a6e23a8c635c;.NET 8.0;False;True;False;True;Default;Default;False;False;False;Default;Default;Default;Default;Default;Default;Default;Default;30;Default;Default;Default;Default;Default;Default;Default;Default;16;Default;424;"1,416.68 ns";10.775 ns;14.384 ns;"1,411.89 ns";-40%;2.3%
Dictionary;Job-DJTJZX;False;Default;Default;Default;Default;Default;Default;11111111;Empty;RyuJit;Default;X64;8c5e7fda-e8bf-4a96-9a85-a6e23a8c635c;.NET 8.0;False;True;False;True;Default;Default;False;False;False;Default;Default;Default;Default;Default;Default;Default;Default;30;Default;Default;Default;Default;Default;Default;Default;Default;16;Default;460;"2,651.29 ns";72.784 ns;108.940 ns;"2,615.68 ns";baseline;
FrozenDictionary;Job-DJTJZX;False;Default;Default;Default;Default;Default;Default;11111111;Empty;RyuJit;Default;X64;8c5e7fda-e8bf-4a96-9a85-a6e23a8c635c;.NET 8.0;False;True;False;True;Default;Default;False;False;False;Default;Default;Default;Default;Default;Default;Default;Default;30;Default;Default;Default;Default;Default;Default;Default;Default;16;Default;460;"1,574.27 ns";34.160 ns;51.129 ns;"1,552.15 ns";-41%;5.3%
Dictionary;Job-DJTJZX;False;Default;Default;Default;Default;Default;Default;11111111;Empty;RyuJit;Default;X64;8c5e7fda-e8bf-4a96-9a85-a6e23a8c635c;.NET 8.0;False;True;False;True;Default;Default;False;False;False;Default;Default;Default;Default;Default;Default;Default;Default;30;Default;Default;Default;Default;Default;Default;Default;Default;16;Default;496;"2,825.51 ns";71.019 ns;106.297 ns;"2,778.59 ns";baseline;
FrozenDictionary;Job-DJTJZX;False;Default;Default;Default;Default;Default;Default;11111111;Empty;RyuJit;Default;X64;8c5e7fda-e8bf-4a96-9a85-a6e23a8c635c;.NET 8.0;False;True;False;True;Default;Default;False;False;False;Default;Default;Default;Default;Default;Default;Default;Default;30;Default;Default;Default;Default;Default;Default;Default;Default;16;Default;496;"1,705.09 ns";43.236 ns;64.714 ns;"1,667.25 ns";-40%;5.1%
Dictionary;Job-DJTJZX;False;Default;Default;Default;Default;Default;Default;11111111;Empty;RyuJit;Default;X64;8c5e7fda-e8bf-4a96-9a85-a6e23a8c635c;.NET 8.0;False;True;False;True;Default;Default;False;False;False;Default;Default;Default;Default;Default;Default;Default;Default;30;Default;Default;Default;Default;Default;Default;Default;Default;16;Default;532;"3,008.52 ns";72.661 ns;108.755 ns;"2,968.25 ns";baseline;
FrozenDictionary;Job-DJTJZX;False;Default;Default;Default;Default;Default;Default;11111111;Empty;RyuJit;Default;X64;8c5e7fda-e8bf-4a96-9a85-a6e23a8c635c;.NET 8.0;False;True;False;True;Default;Default;False;False;False;Default;Default;Default;Default;Default;Default;Default;Default;30;Default;Default;Default;Default;Default;Default;Default;Default;16;Default;532;"1,809.44 ns";43.079 ns;64.479 ns;"1,777.62 ns";-40%;4.5%
Dictionary;Job-DJTJZX;False;Default;Default;Default;Default;Default;Default;11111111;Empty;RyuJit;Default;X64;8c5e7fda-e8bf-4a96-9a85-a6e23a8c635c;.NET 8.0;False;True;False;True;Default;Default;False;False;False;Default;Default;Default;Default;Default;Default;Default;Default;30;Default;Default;Default;Default;Default;Default;Default;Default;16;Default;568;"3,259.64 ns";97.608 ns;146.094 ns;"3,177.00 ns";baseline;
FrozenDictionary;Job-DJTJZX;False;Default;Default;Default;Default;Default;Default;11111111;Empty;RyuJit;Default;X64;8c5e7fda-e8bf-4a96-9a85-a6e23a8c635c;.NET 8.0;False;True;False;True;Default;Default;False;False;False;Default;Default;Default;Default;Default;Default;Default;Default;30;Default;Default;Default;Default;Default;Default;Default;Default;16;Default;568;"1,937.66 ns";42.211 ns;59.174 ns;"1,909.35 ns";-40%;5.9%
Dictionary;Job-DJTJZX;False;Default;Default;Default;Default;Default;Default;11111111;Empty;RyuJit;Default;X64;8c5e7fda-e8bf-4a96-9a85-a6e23a8c635c;.NET 8.0;False;True;False;True;Default;Default;False;False;False;Default;Default;Default;Default;Default;Default;Default;Default;30;Default;Default;Default;Default;Default;Default;Default;Default;16;Default;604;"3,437.68 ns";94.650 ns;141.668 ns;"3,361.95 ns";baseline;
FrozenDictionary;Job-DJTJZX;False;Default;Default;Default;Default;Default;Default;11111111;Empty;RyuJit;Default;X64;8c5e7fda-e8bf-4a96-9a85-a6e23a8c635c;.NET 8.0;False;True;False;True;Default;Default;False;False;False;Default;Default;Default;Default;Default;Default;Default;Default;30;Default;Default;Default;Default;Default;Default;Default;Default;16;Default;604;"2,108.72 ns";66.906 ns;100.142 ns;"2,091.32 ns";-39%;5.0%
Dictionary;Job-DJTJZX;False;Default;Default;Default;Default;Default;Default;11111111;Empty;RyuJit;Default;X64;8c5e7fda-e8bf-4a96-9a85-a6e23a8c635c;.NET 8.0;False;True;False;True;Default;Default;False;False;False;Default;Default;Default;Default;Default;Default;Default;Default;30;Default;Default;Default;Default;Default;Default;Default;Default;16;Default;640;"3,594.34 ns";70.811 ns;105.986 ns;"3,535.46 ns";baseline;
FrozenDictionary;Job-DJTJZX;False;Default;Default;Default;Default;Default;Default;11111111;Empty;RyuJit;Default;X64;8c5e7fda-e8bf-4a96-9a85-a6e23a8c635c;.NET 8.0;False;True;False;True;Default;Default;False;False;False;Default;Default;Default;Default;Default;Default;Default;Default;30;Default;Default;Default;Default;Default;Default;Default;Default;16;Default;640;"2,203.90 ns";61.108 ns;91.464 ns;"2,144.63 ns";-39%;5.2%
Dictionary;Job-DJTJZX;False;Default;Default;Default;Default;Default;Default;11111111;Empty;RyuJit;Default;X64;8c5e7fda-e8bf-4a96-9a85-a6e23a8c635c;.NET 8.0;False;True;False;True;Default;Default;False;False;False;Default;Default;Default;Default;Default;Default;Default;Default;30;Default;Default;Default;Default;Default;Default;Default;Default;16;Default;676;"3,911.41 ns";120.577 ns;180.475 ns;"3,876.33 ns";baseline;
FrozenDictionary;Job-DJTJZX;False;Default;Default;Default;Default;Default;Default;11111111;Empty;RyuJit;Default;X64;8c5e7fda-e8bf-4a96-9a85-a6e23a8c635c;.NET 8.0;False;True;False;True;Default;Default;False;False;False;Default;Default;Default;Default;Default;Default;Default;Default;30;Default;Default;Default;Default;Default;Default;Default;Default;16;Default;676;"2,335.99 ns";69.308 ns;103.737 ns;"2,304.10 ns";-40%;6.2%
Dictionary;Job-DJTJZX;False;Default;Default;Default;Default;Default;Default;11111111;Empty;RyuJit;Default;X64;8c5e7fda-e8bf-4a96-9a85-a6e23a8c635c;.NET 8.0;False;True;False;True;Default;Default;False;False;False;Default;Default;Default;Default;Default;Default;Default;Default;30;Default;Default;Default;Default;Default;Default;Default;Default;16;Default;712;"4,166.97 ns";126.815 ns;189.811 ns;"4,148.76 ns";baseline;
FrozenDictionary;Job-DJTJZX;False;Default;Default;Default;Default;Default;Default;11111111;Empty;RyuJit;Default;X64;8c5e7fda-e8bf-4a96-9a85-a6e23a8c635c;.NET 8.0;False;True;False;True;Default;Default;False;False;False;Default;Default;Default;Default;Default;Default;Default;Default;30;Default;Default;Default;Default;Default;Default;Default;Default;16;Default;712;"2,473.30 ns";69.684 ns;104.300 ns;"2,432.01 ns";-40%;7.1%
Dictionary;Job-DJTJZX;False;Default;Default;Default;Default;Default;Default;11111111;Empty;RyuJit;Default;X64;8c5e7fda-e8bf-4a96-9a85-a6e23a8c635c;.NET 8.0;False;True;False;True;Default;Default;False;False;False;Default;Default;Default;Default;Default;Default;Default;Default;30;Default;Default;Default;Default;Default;Default;Default;Default;16;Default;748;"4,272.09 ns";129.538 ns;193.887 ns;"4,163.27 ns";baseline;
FrozenDictionary;Job-DJTJZX;False;Default;Default;Default;Default;Default;Default;11111111;Empty;RyuJit;Default;X64;8c5e7fda-e8bf-4a96-9a85-a6e23a8c635c;.NET 8.0;False;True;False;True;Default;Default;False;False;False;Default;Default;Default;Default;Default;Default;Default;Default;30;Default;Default;Default;Default;Default;Default;Default;Default;16;Default;748;"2,595.73 ns";71.048 ns;106.341 ns;"2,558.79 ns";-39%;6.0%
Dictionary;Job-DJTJZX;False;Default;Default;Default;Default;Default;Default;11111111;Empty;RyuJit;Default;X64;8c5e7fda-e8bf-4a96-9a85-a6e23a8c635c;.NET 8.0;False;True;False;True;Default;Default;False;False;False;Default;Default;Default;Default;Default;Default;Default;Default;30;Default;Default;Default;Default;Default;Default;Default;Default;16;Default;784;"4,548.23 ns";123.022 ns;184.134 ns;"4,507.21 ns";baseline;
FrozenDictionary;Job-DJTJZX;False;Default;Default;Default;Default;Default;Default;11111111;Empty;RyuJit;Default;X64;8c5e7fda-e8bf-4a96-9a85-a6e23a8c635c;.NET 8.0;False;True;False;True;Default;Default;False;False;False;Default;Default;Default;Default;Default;Default;Default;Default;30;Default;Default;Default;Default;Default;Default;Default;Default;16;Default;784;"2,638.57 ns";31.574 ns;42.150 ns;"2,615.02 ns";-42%;4.5%
Dictionary;Job-DJTJZX;False;Default;Default;Default;Default;Default;Default;11111111;Empty;RyuJit;Default;X64;8c5e7fda-e8bf-4a96-9a85-a6e23a8c635c;.NET 8.0;False;True;False;True;Default;Default;False;False;False;Default;Default;Default;Default;Default;Default;Default;Default;30;Default;Default;Default;Default;Default;Default;Default;Default;16;Default;820;"4,657.05 ns";131.042 ns;196.137 ns;"4,577.61 ns";baseline;
FrozenDictionary;Job-DJTJZX;False;Default;Default;Default;Default;Default;Default;11111111;Empty;RyuJit;Default;X64;8c5e7fda-e8bf-4a96-9a85-a6e23a8c635c;.NET 8.0;False;True;False;True;Default;Default;False;False;False;Default;Default;Default;Default;Default;Default;Default;Default;30;Default;Default;Default;Default;Default;Default;Default;Default;16;Default;820;"2,857.71 ns";72.006 ns;107.775 ns;"2,814.58 ns";-39%;5.6%
Dictionary;Job-DJTJZX;False;Default;Default;Default;Default;Default;Default;11111111;Empty;RyuJit;Default;X64;8c5e7fda-e8bf-4a96-9a85-a6e23a8c635c;.NET 8.0;False;True;False;True;Default;Default;False;False;False;Default;Default;Default;Default;Default;Default;Default;Default;30;Default;Default;Default;Default;Default;Default;Default;Default;16;Default;856;"4,941.04 ns";132.571 ns;198.426 ns;"4,913.22 ns";baseline;
FrozenDictionary;Job-DJTJZX;False;Default;Default;Default;Default;Default;Default;11111111;Empty;RyuJit;Default;X64;8c5e7fda-e8bf-4a96-9a85-a6e23a8c635c;.NET 8.0;False;True;False;True;Default;Default;False;False;False;Default;Default;Default;Default;Default;Default;Default;Default;30;Default;Default;Default;Default;Default;Default;Default;Default;16;Default;856;"2,991.68 ns";90.378 ns;135.274 ns;"2,973.78 ns";-39%;6.2%
Dictionary;Job-DJTJZX;False;Default;Default;Default;Default;Default;Default;11111111;Empty;RyuJit;Default;X64;8c5e7fda-e8bf-4a96-9a85-a6e23a8c635c;.NET 8.0;False;True;False;True;Default;Default;False;False;False;Default;Default;Default;Default;Default;Default;Default;Default;30;Default;Default;Default;Default;Default;Default;Default;Default;16;Default;892;"5,117.12 ns";146.754 ns;219.654 ns;"5,073.22 ns";baseline;
FrozenDictionary;Job-DJTJZX;False;Default;Default;Default;Default;Default;Default;11111111;Empty;RyuJit;Default;X64;8c5e7fda-e8bf-4a96-9a85-a6e23a8c635c;.NET 8.0;False;True;False;True;Default;Default;False;False;False;Default;Default;Default;Default;Default;Default;Default;Default;30;Default;Default;Default;Default;Default;Default;Default;Default;16;Default;892;"3,072.82 ns";80.143 ns;119.955 ns;"3,020.18 ns";-40%;6.1%
Dictionary;Job-DJTJZX;False;Default;Default;Default;Default;Default;Default;11111111;Empty;RyuJit;Default;X64;8c5e7fda-e8bf-4a96-9a85-a6e23a8c635c;.NET 8.0;False;True;False;True;Default;Default;False;False;False;Default;Default;Default;Default;Default;Default;Default;Default;30;Default;Default;Default;Default;Default;Default;Default;Default;16;Default;928;"5,147.29 ns";75.095 ns;102.790 ns;"5,089.38 ns";baseline;
FrozenDictionary;Job-DJTJZX;False;Default;Default;Default;Default;Default;Default;11111111;Empty;RyuJit;Default;X64;8c5e7fda-e8bf-4a96-9a85-a6e23a8c635c;.NET 8.0;False;True;False;True;Default;Default;False;False;False;Default;Default;Default;Default;Default;Default;Default;Default;30;Default;Default;Default;Default;Default;Default;Default;Default;16;Default;928;"3,197.52 ns";88.016 ns;131.738 ns;"3,144.71 ns";-38%;4.5%
Dictionary;Job-DJTJZX;False;Default;Default;Default;Default;Default;Default;11111111;Empty;RyuJit;Default;X64;8c5e7fda-e8bf-4a96-9a85-a6e23a8c635c;.NET 8.0;False;True;False;True;Default;Default;False;False;False;Default;Default;Default;Default;Default;Default;Default;Default;30;Default;Default;Default;Default;Default;Default;Default;Default;16;Default;964;"5,653.82 ns";201.015 ns;300.869 ns;"5,676.88 ns";baseline;
FrozenDictionary;Job-DJTJZX;False;Default;Default;Default;Default;Default;Default;11111111;Empty;RyuJit;Default;X64;8c5e7fda-e8bf-4a96-9a85-a6e23a8c635c;.NET 8.0;False;True;False;True;Default;Default;False;False;False;Default;Default;Default;Default;Default;Default;Default;Default;30;Default;Default;Default;Default;Default;Default;Default;Default;16;Default;964;"3,217.98 ns";17.088 ns;23.390 ns;"3,208.31 ns";-42%;4.7%
Dictionary;Job-DJTJZX;False;Default;Default;Default;Default;Default;Default;11111111;Empty;RyuJit;Default;X64;8c5e7fda-e8bf-4a96-9a85-a6e23a8c635c;.NET 8.0;False;True;False;True;Default;Default;False;False;False;Default;Default;Default;Default;Default;Default;Default;Default;30;Default;Default;Default;Default;Default;Default;Default;Default;16;Default;1000;"5,638.23 ns";155.369 ns;232.549 ns;"5,496.23 ns";baseline;
FrozenDictionary;Job-DJTJZX;False;Default;Default;Default;Default;Default;Default;11111111;Empty;RyuJit;Default;X64;8c5e7fda-e8bf-4a96-9a85-a6e23a8c635c;.NET 8.0;False;True;False;True;Default;Default;False;False;False;Default;Default;Default;Default;Default;Default;Default;Default;30;Default;Default;Default;Default;Default;Default;Default;Default;16;Default;1000;"3,333.80 ns";20.404 ns;27.239 ns;"3,323.51 ns";-40%;3.5%
Dictionary;Job-DJTJZX;False;Default;Default;Default;Default;Default;Default;11111111;Empty;RyuJit;Default;X64;8c5e7fda-e8bf-4a96-9a85-a6e23a8c635c;.NET 8.0;False;True;False;True;Default;Default;False;False;False;Default;Default;Default;Default;Default;Default;Default;Default;30;Default;Default;Default;Default;Default;Default;Default;Default;16;Default;1360;"7,806.57 ns";244.619 ns;366.134 ns;"7,713.26 ns";baseline;
FrozenDictionary;Job-DJTJZX;False;Default;Default;Default;Default;Default;Default;11111111;Empty;RyuJit;Default;X64;8c5e7fda-e8bf-4a96-9a85-a6e23a8c635c;.NET 8.0;False;True;False;True;Default;Default;False;False;False;Default;Default;Default;Default;Default;Default;Default;Default;30;Default;Default;Default;Default;Default;Default;Default;Default;16;Default;1360;"4,653.66 ns";117.764 ns;176.264 ns;"4,542.53 ns";-40%;5.4%
Dictionary;Job-DJTJZX;False;Default;Default;Default;Default;Default;Default;11111111;Empty;RyuJit;Default;X64;8c5e7fda-e8bf-4a96-9a85-a6e23a8c635c;.NET 8.0;False;True;False;True;Default;Default;False;False;False;Default;Default;Default;Default;Default;Default;Default;Default;30;Default;Default;Default;Default;Default;Default;Default;Default;16;Default;1720;"9,579.23 ns";139.789 ns;195.965 ns;"9,513.48 ns";baseline;
FrozenDictionary;Job-DJTJZX;False;Default;Default;Default;Default;Default;Default;11111111;Empty;RyuJit;Default;X64;8c5e7fda-e8bf-4a96-9a85-a6e23a8c635c;.NET 8.0;False;True;False;True;Default;Default;False;False;False;Default;Default;Default;Default;Default;Default;Default;Default;30;Default;Default;Default;Default;Default;Default;Default;Default;16;Default;1720;"5,734.78 ns";46.295 ns;61.803 ns;"5,708.69 ns";-40%;2.0%
Dictionary;Job-DJTJZX;False;Default;Default;Default;Default;Default;Default;11111111;Empty;RyuJit;Default;X64;8c5e7fda-e8bf-4a96-9a85-a6e23a8c635c;.NET 8.0;False;True;False;True;Default;Default;False;False;False;Default;Default;Default;Default;Default;Default;Default;Default;30;Default;Default;Default;Default;Default;Default;Default;Default;16;Default;2080;"11,553.57 ns";185.019 ns;253.257 ns;"11,447.57 ns";baseline;
FrozenDictionary;Job-DJTJZX;False;Default;Default;Default;Default;Default;Default;11111111;Empty;RyuJit;Default;X64;8c5e7fda-e8bf-4a96-9a85-a6e23a8c635c;.NET 8.0;False;True;False;True;Default;Default;False;False;False;Default;Default;Default;Default;Default;Default;Default;Default;30;Default;Default;Default;Default;Default;Default;Default;Default;16;Default;2080;"6,929.39 ns";25.233 ns;32.810 ns;"6,919.55 ns";-40%;2.3%
Dictionary;Job-DJTJZX;False;Default;Default;Default;Default;Default;Default;11111111;Empty;RyuJit;Default;X64;8c5e7fda-e8bf-4a96-9a85-a6e23a8c635c;.NET 8.0;False;True;False;True;Default;Default;False;False;False;Default;Default;Default;Default;Default;Default;Default;Default;30;Default;Default;Default;Default;Default;Default;Default;Default;16;Default;2440;"13,486.68 ns";163.567 ns;223.892 ns;"13,390.25 ns";baseline;
FrozenDictionary;Job-DJTJZX;False;Default;Default;Default;Default;Default;Default;11111111;Empty;RyuJit;Default;X64;8c5e7fda-e8bf-4a96-9a85-a6e23a8c635c;.NET 8.0;False;True;False;True;Default;Default;False;False;False;Default;Default;Default;Default;Default;Default;Default;Default;30;Default;Default;Default;Default;Default;Default;Default;Default;16;Default;2440;"8,517.01 ns";234.945 ns;351.654 ns;"8,411.00 ns";-37%;4.3%
Dictionary;Job-DJTJZX;False;Default;Default;Default;Default;Default;Default;11111111;Empty;RyuJit;Default;X64;8c5e7fda-e8bf-4a96-9a85-a6e23a8c635c;.NET 8.0;False;True;False;True;Default;Default;False;False;False;Default;Default;Default;Default;Default;Default;Default;Default;30;Default;Default;Default;Default;Default;Default;Default;Default;16;Default;2800;"16,031.43 ns";442.338 ns;662.071 ns;"15,880.23 ns";baseline;
FrozenDictionary;Job-DJTJZX;False;Default;Default;Default;Default;Default;Default;11111111;Empty;RyuJit;Default;X64;8c5e7fda-e8bf-4a96-9a85-a6e23a8c635c;.NET 8.0;False;True;False;True;Default;Default;False;False;False;Default;Default;Default;Default;Default;Default;Default;Default;30;Default;Default;Default;Default;Default;Default;Default;Default;16;Default;2800;"9,889.15 ns";274.192 ns;410.397 ns;"9,800.19 ns";-38%;6.0%
Dictionary;Job-DJTJZX;False;Default;Default;Default;Default;Default;Default;11111111;Empty;RyuJit;Default;X64;8c5e7fda-e8bf-4a96-9a85-a6e23a8c635c;.NET 8.0;False;True;False;True;Default;Default;False;False;False;Default;Default;Default;Default;Default;Default;Default;Default;30;Default;Default;Default;Default;Default;Default;Default;Default;16;Default;3160;"17,866.97 ns";510.851 ns;764.617 ns;"17,436.67 ns";baseline;
FrozenDictionary;Job-DJTJZX;False;Default;Default;Default;Default;Default;Default;11111111;Empty;RyuJit;Default;X64;8c5e7fda-e8bf-4a96-9a85-a6e23a8c635c;.NET 8.0;False;True;False;True;Default;Default;False;False;False;Default;Default;Default;Default;Default;Default;Default;Default;30;Default;Default;Default;Default;Default;Default;Default;Default;16;Default;3160;"11,128.82 ns";305.510 ns;457.272 ns;"11,084.16 ns";-38%;6.4%
Dictionary;Job-DJTJZX;False;Default;Default;Default;Default;Default;Default;11111111;Empty;RyuJit;Default;X64;8c5e7fda-e8bf-4a96-9a85-a6e23a8c635c;.NET 8.0;False;True;False;True;Default;Default;False;False;False;Default;Default;Default;Default;Default;Default;Default;Default;30;Default;Default;Default;Default;Default;Default;Default;Default;16;Default;3520;"20,184.99 ns";588.904 ns;881.443 ns;"19,967.17 ns";baseline;
FrozenDictionary;Job-DJTJZX;False;Default;Default;Default;Default;Default;Default;11111111;Empty;RyuJit;Default;X64;8c5e7fda-e8bf-4a96-9a85-a6e23a8c635c;.NET 8.0;False;True;False;True;Default;Default;False;False;False;Default;Default;Default;Default;Default;Default;Default;Default;30;Default;Default;Default;Default;Default;Default;Default;Default;16;Default;3520;"12,000.89 ns";271.918 ns;398.574 ns;"11,874.18 ns";-41%;4.4%
Dictionary;Job-DJTJZX;False;Default;Default;Default;Default;Default;Default;11111111;Empty;RyuJit;Default;X64;8c5e7fda-e8bf-4a96-9a85-a6e23a8c635c;.NET 8.0;False;True;False;True;Default;Default;False;False;False;Default;Default;Default;Default;Default;Default;Default;Default;30;Default;Default;Default;Default;Default;Default;Default;Default;16;Default;3880;"22,271.22 ns";612.714 ns;917.081 ns;"22,226.28 ns";baseline;
FrozenDictionary;Job-DJTJZX;False;Default;Default;Default;Default;Default;Default;11111111;Empty;RyuJit;Default;X64;8c5e7fda-e8bf-4a96-9a85-a6e23a8c635c;.NET 8.0;False;True;False;True;Default;Default;False;False;False;Default;Default;Default;Default;Default;Default;Default;Default;30;Default;Default;Default;Default;Default;Default;Default;Default;16;Default;3880;"12,920.68 ns";78.582 ns;104.905 ns;"12,861.62 ns";-42%;4.4%
Dictionary;Job-DJTJZX;False;Default;Default;Default;Default;Default;Default;11111111;Empty;RyuJit;Default;X64;8c5e7fda-e8bf-4a96-9a85-a6e23a8c635c;.NET 8.0;False;True;False;True;Default;Default;False;False;False;Default;Default;Default;Default;Default;Default;Default;Default;30;Default;Default;Default;Default;Default;Default;Default;Default;16;Default;4240;"24,616.46 ns";625.237 ns;935.826 ns;"24,510.98 ns";baseline;
FrozenDictionary;Job-DJTJZX;False;Default;Default;Default;Default;Default;Default;11111111;Empty;RyuJit;Default;X64;8c5e7fda-e8bf-4a96-9a85-a6e23a8c635c;.NET 8.0;False;True;False;True;Default;Default;False;False;False;Default;Default;Default;Default;Default;Default;Default;Default;30;Default;Default;Default;Default;Default;Default;Default;Default;16;Default;4240;"14,747.73 ns";419.738 ns;628.244 ns;"14,680.96 ns";-40%;5.7%
Dictionary;Job-DJTJZX;False;Default;Default;Default;Default;Default;Default;11111111;Empty;RyuJit;Default;X64;8c5e7fda-e8bf-4a96-9a85-a6e23a8c635c;.NET 8.0;False;True;False;True;Default;Default;False;False;False;Default;Default;Default;Default;Default;Default;Default;Default;30;Default;Default;Default;Default;Default;Default;Default;Default;16;Default;4600;"26,062.85 ns";699.145 ns;"1,046.447 ns";"25,591.20 ns";baseline;
FrozenDictionary;Job-DJTJZX;False;Default;Default;Default;Default;Default;Default;11111111;Empty;RyuJit;Default;X64;8c5e7fda-e8bf-4a96-9a85-a6e23a8c635c;.NET 8.0;False;True;False;True;Default;Default;False;False;False;Default;Default;Default;Default;Default;Default;Default;Default;30;Default;Default;Default;Default;Default;Default;Default;Default;16;Default;4600;"15,936.09 ns";445.028 ns;666.096 ns;"15,890.76 ns";-39%;6.4%
Dictionary;Job-DJTJZX;False;Default;Default;Default;Default;Default;Default;11111111;Empty;RyuJit;Default;X64;8c5e7fda-e8bf-4a96-9a85-a6e23a8c635c;.NET 8.0;False;True;False;True;Default;Default;False;False;False;Default;Default;Default;Default;Default;Default;Default;Default;30;Default;Default;Default;Default;Default;Default;Default;Default;16;Default;4960;"27,963.01 ns";669.542 ns;"1,002.139 ns";"27,720.09 ns";baseline;
FrozenDictionary;Job-DJTJZX;False;Default;Default;Default;Default;Default;Default;11111111;Empty;RyuJit;Default;X64;8c5e7fda-e8bf-4a96-9a85-a6e23a8c635c;.NET 8.0;False;True;False;True;Default;Default;False;False;False;Default;Default;Default;Default;Default;Default;Default;Default;30;Default;Default;Default;Default;Default;Default;Default;Default;16;Default;4960;"17,170.72 ns";498.399 ns;745.980 ns;"16,940.50 ns";-39%;5.5%
Dictionary;Job-DJTJZX;False;Default;Default;Default;Default;Default;Default;11111111;Empty;RyuJit;Default;X64;8c5e7fda-e8bf-4a96-9a85-a6e23a8c635c;.NET 8.0;False;True;False;True;Default;Default;False;False;False;Default;Default;Default;Default;Default;Default;Default;Default;30;Default;Default;Default;Default;Default;Default;Default;Default;16;Default;5320;"30,834.32 ns";844.068 ns;"1,263.362 ns";"30,741.55 ns";baseline;
FrozenDictionary;Job-DJTJZX;False;Default;Default;Default;Default;Default;Default;11111111;Empty;RyuJit;Default;X64;8c5e7fda-e8bf-4a96-9a85-a6e23a8c635c;.NET 8.0;False;True;False;True;Default;Default;False;False;False;Default;Default;Default;Default;Default;Default;Default;Default;30;Default;Default;Default;Default;Default;Default;Default;Default;16;Default;5320;"18,381.08 ns";513.321 ns;768.315 ns;"18,147.12 ns";-40%;5.1%
Dictionary;Job-DJTJZX;False;Default;Default;Default;Default;Default;Default;11111111;Empty;RyuJit;Default;X64;8c5e7fda-e8bf-4a96-9a85-a6e23a8c635c;.NET 8.0;False;True;False;True;Default;Default;False;False;False;Default;Default;Default;Default;Default;Default;Default;Default;30;Default;Default;Default;Default;Default;Default;Default;Default;16;Default;5680;"33,154.79 ns";862.915 ns;"1,291.570 ns";"32,992.19 ns";baseline;
FrozenDictionary;Job-DJTJZX;False;Default;Default;Default;Default;Default;Default;11111111;Empty;RyuJit;Default;X64;8c5e7fda-e8bf-4a96-9a85-a6e23a8c635c;.NET 8.0;False;True;False;True;Default;Default;False;False;False;Default;Default;Default;Default;Default;Default;Default;Default;30;Default;Default;Default;Default;Default;Default;Default;Default;16;Default;5680;"19,538.25 ns";461.506 ns;676.469 ns;"19,339.50 ns";-41%;4.4%
Dictionary;Job-DJTJZX;False;Default;Default;Default;Default;Default;Default;11111111;Empty;RyuJit;Default;X64;8c5e7fda-e8bf-4a96-9a85-a6e23a8c635c;.NET 8.0;False;True;False;True;Default;Default;False;False;False;Default;Default;Default;Default;Default;Default;Default;Default;30;Default;Default;Default;Default;Default;Default;Default;Default;16;Default;6040;"34,385.74 ns";"1,015.315 ns";"1,519.675 ns";"33,961.60 ns";baseline;
FrozenDictionary;Job-DJTJZX;False;Default;Default;Default;Default;Default;Default;11111111;Empty;RyuJit;Default;X64;8c5e7fda-e8bf-4a96-9a85-a6e23a8c635c;.NET 8.0;False;True;False;True;Default;Default;False;False;False;Default;Default;Default;Default;Default;Default;Default;Default;30;Default;Default;Default;Default;Default;Default;Default;Default;16;Default;6040;"20,504.77 ns";319.636 ns;426.705 ns;"20,489.60 ns";-41%;5.1%
Dictionary;Job-DJTJZX;False;Default;Default;Default;Default;Default;Default;11111111;Empty;RyuJit;Default;X64;8c5e7fda-e8bf-4a96-9a85-a6e23a8c635c;.NET 8.0;False;True;False;True;Default;Default;False;False;False;Default;Default;Default;Default;Default;Default;Default;Default;30;Default;Default;Default;Default;Default;Default;Default;Default;16;Default;6400;"35,581.70 ns";599.491 ns;840.403 ns;"35,131.39 ns";baseline;
FrozenDictionary;Job-DJTJZX;False;Default;Default;Default;Default;Default;Default;11111111;Empty;RyuJit;Default;X64;8c5e7fda-e8bf-4a96-9a85-a6e23a8c635c;.NET 8.0;False;True;False;True;Default;Default;False;False;False;Default;Default;Default;Default;Default;Default;Default;Default;30;Default;Default;Default;Default;Default;Default;Default;Default;16;Default;6400;"22,051.12 ns";661.794 ns;990.542 ns;"21,634.56 ns";-38%;5.9%
Dictionary;Job-DJTJZX;False;Default;Default;Default;Default;Default;Default;11111111;Empty;RyuJit;Default;X64;8c5e7fda-e8bf-4a96-9a85-a6e23a8c635c;.NET 8.0;False;True;False;True;Default;Default;False;False;False;Default;Default;Default;Default;Default;Default;Default;Default;30;Default;Default;Default;Default;Default;Default;Default;Default;16;Default;6760;"39,147.66 ns";944.243 ns;"1,413.298 ns";"38,482.51 ns";baseline;
FrozenDictionary;Job-DJTJZX;False;Default;Default;Default;Default;Default;Default;11111111;Empty;RyuJit;Default;X64;8c5e7fda-e8bf-4a96-9a85-a6e23a8c635c;.NET 8.0;False;True;False;True;Default;Default;False;False;False;Default;Default;Default;Default;Default;Default;Default;Default;30;Default;Default;Default;Default;Default;Default;Default;Default;16;Default;6760;"24,008.09 ns";674.876 ns;"1,010.123 ns";"23,820.10 ns";-39%;5.0%
Dictionary;Job-DJTJZX;False;Default;Default;Default;Default;Default;Default;11111111;Empty;RyuJit;Default;X64;8c5e7fda-e8bf-4a96-9a85-a6e23a8c635c;.NET 8.0;False;True;False;True;Default;Default;False;False;False;Default;Default;Default;Default;Default;Default;Default;Default;30;Default;Default;Default;Default;Default;Default;Default;Default;16;Default;7120;"41,704.26 ns";"1,093.819 ns";"1,637.177 ns";"41,691.37 ns";baseline;
FrozenDictionary;Job-DJTJZX;False;Default;Default;Default;Default;Default;Default;11111111;Empty;RyuJit;Default;X64;8c5e7fda-e8bf-4a96-9a85-a6e23a8c635c;.NET 8.0;False;True;False;True;Default;Default;False;False;False;Default;Default;Default;Default;Default;Default;Default;Default;30;Default;Default;Default;Default;Default;Default;Default;Default;16;Default;7120;"24,951.54 ns";743.510 ns;"1,112.851 ns";"24,659.42 ns";-40%;5.9%
Dictionary;Job-DJTJZX;False;Default;Default;Default;Default;Default;Default;11111111;Empty;RyuJit;Default;X64;8c5e7fda-e8bf-4a96-9a85-a6e23a8c635c;.NET 8.0;False;True;False;True;Default;Default;False;False;False;Default;Default;Default;Default;Default;Default;Default;Default;30;Default;Default;Default;Default;Default;Default;Default;Default;16;Default;7480;"44,625.59 ns";"1,408.394 ns";"2,108.018 ns";"44,846.28 ns";baseline;
FrozenDictionary;Job-DJTJZX;False;Default;Default;Default;Default;Default;Default;11111111;Empty;RyuJit;Default;X64;8c5e7fda-e8bf-4a96-9a85-a6e23a8c635c;.NET 8.0;False;True;False;True;Default;Default;False;False;False;Default;Default;Default;Default;Default;Default;Default;Default;30;Default;Default;Default;Default;Default;Default;Default;Default;16;Default;7480;"26,133.65 ns";681.364 ns;"1,019.834 ns";"25,839.26 ns";-41%;5.9%
Dictionary;Job-DJTJZX;False;Default;Default;Default;Default;Default;Default;11111111;Empty;RyuJit;Default;X64;8c5e7fda-e8bf-4a96-9a85-a6e23a8c635c;.NET 8.0;False;True;False;True;Default;Default;False;False;False;Default;Default;Default;Default;Default;Default;Default;Default;30;Default;Default;Default;Default;Default;Default;Default;Default;16;Default;7840;"45,674.12 ns";"1,060.569 ns";"1,587.410 ns";"45,816.51 ns";baseline;
FrozenDictionary;Job-DJTJZX;False;Default;Default;Default;Default;Default;Default;11111111;Empty;RyuJit;Default;X64;8c5e7fda-e8bf-4a96-9a85-a6e23a8c635c;.NET 8.0;False;True;False;True;Default;Default;False;False;False;Default;Default;Default;Default;Default;Default;Default;Default;30;Default;Default;Default;Default;Default;Default;Default;Default;16;Default;7840;"27,373.58 ns";718.759 ns;"1,075.805 ns";"27,217.92 ns";-40%;5.0%
Dictionary;Job-DJTJZX;False;Default;Default;Default;Default;Default;Default;11111111;Empty;RyuJit;Default;X64;8c5e7fda-e8bf-4a96-9a85-a6e23a8c635c;.NET 8.0;False;True;False;True;Default;Default;False;False;False;Default;Default;Default;Default;Default;Default;Default;Default;30;Default;Default;Default;Default;Default;Default;Default;Default;16;Default;8200;"46,545.45 ns";"1,297.320 ns";"1,941.768 ns";"45,771.24 ns";baseline;
FrozenDictionary;Job-DJTJZX;False;Default;Default;Default;Default;Default;Default;11111111;Empty;RyuJit;Default;X64;8c5e7fda-e8bf-4a96-9a85-a6e23a8c635c;.NET 8.0;False;True;False;True;Default;Default;False;False;False;Default;Default;Default;Default;Default;Default;Default;Default;30;Default;Default;Default;Default;Default;Default;Default;Default;16;Default;8200;"27,995.93 ns";639.708 ns;937.676 ns;"27,612.19 ns";-40%;5.5%
Dictionary;Job-DJTJZX;False;Default;Default;Default;Default;Default;Default;11111111;Empty;RyuJit;Default;X64;8c5e7fda-e8bf-4a96-9a85-a6e23a8c635c;.NET 8.0;False;True;False;True;Default;Default;False;False;False;Default;Default;Default;Default;Default;Default;Default;Default;30;Default;Default;Default;Default;Default;Default;Default;Default;16;Default;8560;"47,680.79 ns";726.810 ns;970.270 ns;"47,450.81 ns";baseline;
FrozenDictionary;Job-DJTJZX;False;Default;Default;Default;Default;Default;Default;11111111;Empty;RyuJit;Default;X64;8c5e7fda-e8bf-4a96-9a85-a6e23a8c635c;.NET 8.0;False;True;False;True;Default;Default;False;False;False;Default;Default;Default;Default;Default;Default;Default;Default;30;Default;Default;Default;Default;Default;Default;Default;Default;16;Default;8560;"29,971.74 ns";971.928 ns;"1,454.736 ns";"29,524.83 ns";-37%;4.9%
Dictionary;Job-DJTJZX;False;Default;Default;Default;Default;Default;Default;11111111;Empty;RyuJit;Default;X64;8c5e7fda-e8bf-4a96-9a85-a6e23a8c635c;.NET 8.0;False;True;False;True;Default;Default;False;False;False;Default;Default;Default;Default;Default;Default;Default;Default;30;Default;Default;Default;Default;Default;Default;Default;Default;16;Default;8920;"51,340.03 ns";"1,314.343 ns";"1,967.247 ns";"50,630.36 ns";baseline;
FrozenDictionary;Job-DJTJZX;False;Default;Default;Default;Default;Default;Default;11111111;Empty;RyuJit;Default;X64;8c5e7fda-e8bf-4a96-9a85-a6e23a8c635c;.NET 8.0;False;True;False;True;Default;Default;False;False;False;Default;Default;Default;Default;Default;Default;Default;Default;30;Default;Default;Default;Default;Default;Default;Default;Default;16;Default;8920;"31,591.13 ns";"1,060.639 ns";"1,554.671 ns";"30,879.45 ns";-38%;5.4%
Dictionary;Job-DJTJZX;False;Default;Default;Default;Default;Default;Default;11111111;Empty;RyuJit;Default;X64;8c5e7fda-e8bf-4a96-9a85-a6e23a8c635c;.NET 8.0;False;True;False;True;Default;Default;False;False;False;Default;Default;Default;Default;Default;Default;Default;Default;30;Default;Default;Default;Default;Default;Default;Default;Default;16;Default;9280;"54,849.97 ns";"1,653.894 ns";"2,475.470 ns";"53,931.95 ns";baseline;
FrozenDictionary;Job-DJTJZX;False;Default;Default;Default;Default;Default;Default;11111111;Empty;RyuJit;Default;X64;8c5e7fda-e8bf-4a96-9a85-a6e23a8c635c;.NET 8.0;False;True;False;True;Default;Default;False;False;False;Default;Default;Default;Default;Default;Default;Default;Default;30;Default;Default;Default;Default;Default;Default;Default;Default;16;Default;9280;"32,668.38 ns";"1,080.841 ns";"1,617.752 ns";"32,311.89 ns";-40%;7.5%
Dictionary;Job-DJTJZX;False;Default;Default;Default;Default;Default;Default;11111111;Empty;RyuJit;Default;X64;8c5e7fda-e8bf-4a96-9a85-a6e23a8c635c;.NET 8.0;False;True;False;True;Default;Default;False;False;False;Default;Default;Default;Default;Default;Default;Default;Default;30;Default;Default;Default;Default;Default;Default;Default;Default;16;Default;9640;"54,401.66 ns";"1,268.913 ns";"1,899.248 ns";"53,493.08 ns";baseline;
FrozenDictionary;Job-DJTJZX;False;Default;Default;Default;Default;Default;Default;11111111;Empty;RyuJit;Default;X64;8c5e7fda-e8bf-4a96-9a85-a6e23a8c635c;.NET 8.0;False;True;False;True;Default;Default;False;False;False;Default;Default;Default;Default;Default;Default;Default;Default;30;Default;Default;Default;Default;Default;Default;Default;Default;16;Default;9640;"33,544.26 ns";911.252 ns;"1,363.919 ns";"33,200.66 ns";-38%;5.3%
Dictionary;Job-DJTJZX;False;Default;Default;Default;Default;Default;Default;11111111;Empty;RyuJit;Default;X64;8c5e7fda-e8bf-4a96-9a85-a6e23a8c635c;.NET 8.0;False;True;False;True;Default;Default;False;False;False;Default;Default;Default;Default;Default;Default;Default;Default;30;Default;Default;Default;Default;Default;Default;Default;Default;16;Default;10000;"56,980.52 ns";"1,388.160 ns";"2,077.733 ns";"55,896.25 ns";baseline;
FrozenDictionary;Job-DJTJZX;False;Default;Default;Default;Default;Default;Default;11111111;Empty;RyuJit;Default;X64;8c5e7fda-e8bf-4a96-9a85-a6e23a8c635c;.NET 8.0;False;True;False;True;Default;Default;False;False;False;Default;Default;Default;Default;Default;Default;Default;Default;30;Default;Default;Default;Default;Default;Default;Default;Default;16;Default;10000;"35,438.00 ns";"1,008.109 ns";"1,508.891 ns";"34,826.94 ns";-38%;6.2%
Dictionary;Job-DJTJZX;False;Default;Default;Default;Default;Default;Default;11111111;Empty;RyuJit;Default;X64;8c5e7fda-e8bf-4a96-9a85-a6e23a8c635c;.NET 8.0;False;True;False;True;Default;Default;False;False;False;Default;Default;Default;Default;Default;Default;Default;Default;30;Default;Default;Default;Default;Default;Default;Default;Default;16;Default;13600;"78,474.40 ns";"2,267.369 ns";"3,393.691 ns";"77,079.07 ns";baseline;
FrozenDictionary;Job-DJTJZX;False;Default;Default;Default;Default;Default;Default;11111111;Empty;RyuJit;Default;X64;8c5e7fda-e8bf-4a96-9a85-a6e23a8c635c;.NET 8.0;False;True;False;True;Default;Default;False;False;False;Default;Default;Default;Default;Default;Default;Default;Default;30;Default;Default;Default;Default;Default;Default;Default;Default;16;Default;13600;"47,918.90 ns";"1,297.486 ns";"1,942.017 ns";"47,693.46 ns";-39%;6.5%
Dictionary;Job-DJTJZX;False;Default;Default;Default;Default;Default;Default;11111111;Empty;RyuJit;Default;X64;8c5e7fda-e8bf-4a96-9a85-a6e23a8c635c;.NET 8.0;False;True;False;True;Default;Default;False;False;False;Default;Default;Default;Default;Default;Default;Default;Default;30;Default;Default;Default;Default;Default;Default;Default;Default;16;Default;17200;"99,640.41 ns";"2,574.566 ns";"3,853.490 ns";"99,444.03 ns";baseline;
FrozenDictionary;Job-DJTJZX;False;Default;Default;Default;Default;Default;Default;11111111;Empty;RyuJit;Default;X64;8c5e7fda-e8bf-4a96-9a85-a6e23a8c635c;.NET 8.0;False;True;False;True;Default;Default;False;False;False;Default;Default;Default;Default;Default;Default;Default;Default;30;Default;Default;Default;Default;Default;Default;Default;Default;16;Default;17200;"60,277.93 ns";"1,805.150 ns";"2,701.863 ns";"59,145.75 ns";-39%;6.0%
Dictionary;Job-DJTJZX;False;Default;Default;Default;Default;Default;Default;11111111;Empty;RyuJit;Default;X64;8c5e7fda-e8bf-4a96-9a85-a6e23a8c635c;.NET 8.0;False;True;False;True;Default;Default;False;False;False;Default;Default;Default;Default;Default;Default;Default;Default;30;Default;Default;Default;Default;Default;Default;Default;Default;16;Default;20800;"124,319.81 ns";"3,803.958 ns";"5,206.901 ns";"123,684.64 ns";baseline;
FrozenDictionary;Job-DJTJZX;False;Default;Default;Default;Default;Default;Default;11111111;Empty;RyuJit;Default;X64;8c5e7fda-e8bf-4a96-9a85-a6e23a8c635c;.NET 8.0;False;True;False;True;Default;Default;False;False;False;Default;Default;Default;Default;Default;Default;Default;Default;30;Default;Default;Default;Default;Default;Default;Default;Default;16;Default;20800;"72,605.59 ns";"1,839.402 ns";"2,696.172 ns";"72,268.23 ns";-41%;6.7%
Dictionary;Job-DJTJZX;False;Default;Default;Default;Default;Default;Default;11111111;Empty;RyuJit;Default;X64;8c5e7fda-e8bf-4a96-9a85-a6e23a8c635c;.NET 8.0;False;True;False;True;Default;Default;False;False;False;Default;Default;Default;Default;Default;Default;Default;Default;30;Default;Default;Default;Default;Default;Default;Default;Default;16;Default;24400;"139,732.79 ns";"3,986.368 ns";"5,966.607 ns";"136,123.16 ns";baseline;
FrozenDictionary;Job-DJTJZX;False;Default;Default;Default;Default;Default;Default;11111111;Empty;RyuJit;Default;X64;8c5e7fda-e8bf-4a96-9a85-a6e23a8c635c;.NET 8.0;False;True;False;True;Default;Default;False;False;False;Default;Default;Default;Default;Default;Default;Default;Default;30;Default;Default;Default;Default;Default;Default;Default;Default;16;Default;24400;"86,386.35 ns";"2,700.245 ns";"4,041.599 ns";"84,904.93 ns";-38%;5.9%
Dictionary;Job-DJTJZX;False;Default;Default;Default;Default;Default;Default;11111111;Empty;RyuJit;Default;X64;8c5e7fda-e8bf-4a96-9a85-a6e23a8c635c;.NET 8.0;False;True;False;True;Default;Default;False;False;False;Default;Default;Default;Default;Default;Default;Default;Default;30;Default;Default;Default;Default;Default;Default;Default;Default;16;Default;28000;"159,287.34 ns";"4,566.160 ns";"6,834.413 ns";"155,641.10 ns";baseline;
FrozenDictionary;Job-DJTJZX;False;Default;Default;Default;Default;Default;Default;11111111;Empty;RyuJit;Default;X64;8c5e7fda-e8bf-4a96-9a85-a6e23a8c635c;.NET 8.0;False;True;False;True;Default;Default;False;False;False;Default;Default;Default;Default;Default;Default;Default;Default;30;Default;Default;Default;Default;Default;Default;Default;Default;16;Default;28000;"94,881.78 ns";871.513 ns;"1,133.213 ns";"94,288.67 ns";-41%;4.6%
Dictionary;Job-DJTJZX;False;Default;Default;Default;Default;Default;Default;11111111;Empty;RyuJit;Default;X64;8c5e7fda-e8bf-4a96-9a85-a6e23a8c635c;.NET 8.0;False;True;False;True;Default;Default;False;False;False;Default;Default;Default;Default;Default;Default;Default;Default;30;Default;Default;Default;Default;Default;Default;Default;Default;16;Default;31600;"179,279.21 ns";"4,488.801 ns";"6,437.704 ns";"175,510.02 ns";baseline;
FrozenDictionary;Job-DJTJZX;False;Default;Default;Default;Default;Default;Default;11111111;Empty;RyuJit;Default;X64;8c5e7fda-e8bf-4a96-9a85-a6e23a8c635c;.NET 8.0;False;True;False;True;Default;Default;False;False;False;Default;Default;Default;Default;Default;Default;Default;Default;30;Default;Default;Default;Default;Default;Default;Default;Default;16;Default;31600;"106,845.67 ns";"1,252.037 ns";"1,671.434 ns";"106,020.13 ns";-40%;3.3%
Dictionary;Job-DJTJZX;False;Default;Default;Default;Default;Default;Default;11111111;Empty;RyuJit;Default;X64;8c5e7fda-e8bf-4a96-9a85-a6e23a8c635c;.NET 8.0;False;True;False;True;Default;Default;False;False;False;Default;Default;Default;Default;Default;Default;Default;Default;30;Default;Default;Default;Default;Default;Default;Default;Default;16;Default;35200;"200,247.79 ns";"6,224.984 ns";"9,317.262 ns";"194,283.76 ns";baseline;
FrozenDictionary;Job-DJTJZX;False;Default;Default;Default;Default;Default;Default;11111111;Empty;RyuJit;Default;X64;8c5e7fda-e8bf-4a96-9a85-a6e23a8c635c;.NET 8.0;False;True;False;True;Default;Default;False;False;False;Default;Default;Default;Default;Default;Default;Default;Default;30;Default;Default;Default;Default;Default;Default;Default;Default;16;Default;35200;"123,284.46 ns";"3,419.784 ns";"5,118.571 ns";"121,818.62 ns";-38%;4.6%
Dictionary;Job-DJTJZX;False;Default;Default;Default;Default;Default;Default;11111111;Empty;RyuJit;Default;X64;8c5e7fda-e8bf-4a96-9a85-a6e23a8c635c;.NET 8.0;False;True;False;True;Default;Default;False;False;False;Default;Default;Default;Default;Default;Default;Default;Default;30;Default;Default;Default;Default;Default;Default;Default;Default;16;Default;38800;"222,224.15 ns";"5,314.722 ns";"7,954.826 ns";"220,192.80 ns";baseline;
FrozenDictionary;Job-DJTJZX;False;Default;Default;Default;Default;Default;Default;11111111;Empty;RyuJit;Default;X64;8c5e7fda-e8bf-4a96-9a85-a6e23a8c635c;.NET 8.0;False;True;False;True;Default;Default;False;False;False;Default;Default;Default;Default;Default;Default;Default;Default;30;Default;Default;Default;Default;Default;Default;Default;Default;16;Default;38800;"136,804.65 ns";"3,569.867 ns";"5,343.209 ns";"135,904.60 ns";-38%;5.1%
Dictionary;Job-DJTJZX;False;Default;Default;Default;Default;Default;Default;11111111;Empty;RyuJit;Default;X64;8c5e7fda-e8bf-4a96-9a85-a6e23a8c635c;.NET 8.0;False;True;False;True;Default;Default;False;False;False;Default;Default;Default;Default;Default;Default;Default;Default;30;Default;Default;Default;Default;Default;Default;Default;Default;16;Default;42400;"243,722.94 ns";"6,636.374 ns";"9,933.012 ns";"239,374.76 ns";baseline;
FrozenDictionary;Job-DJTJZX;False;Default;Default;Default;Default;Default;Default;11111111;Empty;RyuJit;Default;X64;8c5e7fda-e8bf-4a96-9a85-a6e23a8c635c;.NET 8.0;False;True;False;True;Default;Default;False;False;False;Default;Default;Default;Default;Default;Default;Default;Default;30;Default;Default;Default;Default;Default;Default;Default;Default;16;Default;42400;"151,847.50 ns";"4,136.892 ns";"6,191.906 ns";"151,601.61 ns";-38%;5.4%
Dictionary;Job-DJTJZX;False;Default;Default;Default;Default;Default;Default;11111111;Empty;RyuJit;Default;X64;8c5e7fda-e8bf-4a96-9a85-a6e23a8c635c;.NET 8.0;False;True;False;True;Default;Default;False;False;False;Default;Default;Default;Default;Default;Default;Default;Default;30;Default;Default;Default;Default;Default;Default;Default;Default;16;Default;46000;"269,748.66 ns";"9,857.933 ns";"14,754.890 ns";"268,942.99 ns";baseline;
FrozenDictionary;Job-DJTJZX;False;Default;Default;Default;Default;Default;Default;11111111;Empty;RyuJit;Default;X64;8c5e7fda-e8bf-4a96-9a85-a6e23a8c635c;.NET 8.0;False;True;False;True;Default;Default;False;False;False;Default;Default;Default;Default;Default;Default;Default;Default;30;Default;Default;Default;Default;Default;Default;Default;Default;16;Default;46000;"161,932.56 ns";"4,843.802 ns";"7,249.975 ns";"159,170.07 ns";-40%;6.9%
Dictionary;Job-DJTJZX;False;Default;Default;Default;Default;Default;Default;11111111;Empty;RyuJit;Default;X64;8c5e7fda-e8bf-4a96-9a85-a6e23a8c635c;.NET 8.0;False;True;False;True;Default;Default;False;False;False;Default;Default;Default;Default;Default;Default;Default;Default;30;Default;Default;Default;Default;Default;Default;Default;Default;16;Default;49600;"280,064.17 ns";"4,967.728 ns";"6,964.061 ns";"276,812.65 ns";baseline;
FrozenDictionary;Job-DJTJZX;False;Default;Default;Default;Default;Default;Default;11111111;Empty;RyuJit;Default;X64;8c5e7fda-e8bf-4a96-9a85-a6e23a8c635c;.NET 8.0;False;True;False;True;Default;Default;False;False;False;Default;Default;Default;Default;Default;Default;Default;Default;30;Default;Default;Default;Default;Default;Default;Default;Default;16;Default;49600;"173,214.00 ns";"4,965.058 ns";"7,431.465 ns";"168,943.12 ns";-38%;5.9%
Dictionary;Job-DJTJZX;False;Default;Default;Default;Default;Default;Default;11111111;Empty;RyuJit;Default;X64;8c5e7fda-e8bf-4a96-9a85-a6e23a8c635c;.NET 8.0;False;True;False;True;Default;Default;False;False;False;Default;Default;Default;Default;Default;Default;Default;Default;30;Default;Default;Default;Default;Default;Default;Default;Default;16;Default;53200;"311,250.14 ns";"10,228.546 ns";"14,992.870 ns";"311,563.99 ns";baseline;
FrozenDictionary;Job-DJTJZX;False;Default;Default;Default;Default;Default;Default;11111111;Empty;RyuJit;Default;X64;8c5e7fda-e8bf-4a96-9a85-a6e23a8c635c;.NET 8.0;False;True;False;True;Default;Default;False;False;False;Default;Default;Default;Default;Default;Default;Default;Default;30;Default;Default;Default;Default;Default;Default;Default;Default;16;Default;53200;"188,466.85 ns";"4,350.236 ns";"6,511.228 ns";"187,898.62 ns";-39%;5.3%
Dictionary;Job-DJTJZX;False;Default;Default;Default;Default;Default;Default;11111111;Empty;RyuJit;Default;X64;8c5e7fda-e8bf-4a96-9a85-a6e23a8c635c;.NET 8.0;False;True;False;True;Default;Default;False;False;False;Default;Default;Default;Default;Default;Default;Default;Default;30;Default;Default;Default;Default;Default;Default;Default;Default;16;Default;56800;"331,566.18 ns";"9,797.752 ns";"14,664.813 ns";"331,310.33 ns";baseline;
FrozenDictionary;Job-DJTJZX;False;Default;Default;Default;Default;Default;Default;11111111;Empty;RyuJit;Default;X64;8c5e7fda-e8bf-4a96-9a85-a6e23a8c635c;.NET 8.0;False;True;False;True;Default;Default;False;False;False;Default;Default;Default;Default;Default;Default;Default;Default;30;Default;Default;Default;Default;Default;Default;Default;Default;16;Default;56800;"194,359.47 ns";"1,770.000 ns";"2,362.899 ns";"193,486.62 ns";-41%;3.8%
Dictionary;Job-DJTJZX;False;Default;Default;Default;Default;Default;Default;11111111;Empty;RyuJit;Default;X64;8c5e7fda-e8bf-4a96-9a85-a6e23a8c635c;.NET 8.0;False;True;False;True;Default;Default;False;False;False;Default;Default;Default;Default;Default;Default;Default;Default;30;Default;Default;Default;Default;Default;Default;Default;Default;16;Default;60400;"343,342.12 ns";"7,122.143 ns";"9,984.250 ns";"337,381.05 ns";baseline;
FrozenDictionary;Job-DJTJZX;False;Default;Default;Default;Default;Default;Default;11111111;Empty;RyuJit;Default;X64;8c5e7fda-e8bf-4a96-9a85-a6e23a8c635c;.NET 8.0;False;True;False;True;Default;Default;False;False;False;Default;Default;Default;Default;Default;Default;Default;Default;30;Default;Default;Default;Default;Default;Default;Default;Default;16;Default;60400;"209,767.60 ns";"3,858.541 ns";"5,533.805 ns";"206,817.33 ns";-39%;3.5%
Dictionary;Job-DJTJZX;False;Default;Default;Default;Default;Default;Default;11111111;Empty;RyuJit;Default;X64;8c5e7fda-e8bf-4a96-9a85-a6e23a8c635c;.NET 8.0;False;True;False;True;Default;Default;False;False;False;Default;Default;Default;Default;Default;Default;Default;Default;30;Default;Default;Default;Default;Default;Default;Default;Default;16;Default;64000;"363,983.88 ns";"6,168.389 ns";"8,234.622 ns";"359,656.35 ns";baseline;
FrozenDictionary;Job-DJTJZX;False;Default;Default;Default;Default;Default;Default;11111111;Empty;RyuJit;Default;X64;8c5e7fda-e8bf-4a96-9a85-a6e23a8c635c;.NET 8.0;False;True;False;True;Default;Default;False;False;False;Default;Default;Default;Default;Default;Default;Default;Default;30;Default;Default;Default;Default;Default;Default;Default;Default;16;Default;64000;"224,448.92 ns";"6,486.970 ns";"9,709.391 ns";"218,979.43 ns";-39%;4.2%
Dictionary;Job-DJTJZX;False;Default;Default;Default;Default;Default;Default;11111111;Empty;RyuJit;Default;X64;8c5e7fda-e8bf-4a96-9a85-a6e23a8c635c;.NET 8.0;False;True;False;True;Default;Default;False;False;False;Default;Default;Default;Default;Default;Default;Default;Default;30;Default;Default;Default;Default;Default;Default;Default;Default;16;Default;67600;"392,756.39 ns";"10,381.154 ns";"15,538.022 ns";"387,988.40 ns";baseline;
FrozenDictionary;Job-DJTJZX;False;Default;Default;Default;Default;Default;Default;11111111;Empty;RyuJit;Default;X64;8c5e7fda-e8bf-4a96-9a85-a6e23a8c635c;.NET 8.0;False;True;False;True;Default;Default;False;False;False;Default;Default;Default;Default;Default;Default;Default;Default;30;Default;Default;Default;Default;Default;Default;Default;Default;16;Default;67600;"233,902.73 ns";"4,592.730 ns";"6,438.366 ns";"230,729.59 ns";-40%;5.2%
Dictionary;Job-DJTJZX;False;Default;Default;Default;Default;Default;Default;11111111;Empty;RyuJit;Default;X64;8c5e7fda-e8bf-4a96-9a85-a6e23a8c635c;.NET 8.0;False;True;False;True;Default;Default;False;False;False;Default;Default;Default;Default;Default;Default;Default;Default;30;Default;Default;Default;Default;Default;Default;Default;Default;16;Default;71200;"410,208.24 ns";"10,163.673 ns";"15,212.507 ns";"400,168.75 ns";baseline;
FrozenDictionary;Job-DJTJZX;False;Default;Default;Default;Default;Default;Default;11111111;Empty;RyuJit;Default;X64;8c5e7fda-e8bf-4a96-9a85-a6e23a8c635c;.NET 8.0;False;True;False;True;Default;Default;False;False;False;Default;Default;Default;Default;Default;Default;Default;Default;30;Default;Default;Default;Default;Default;Default;Default;Default;16;Default;71200;"253,271.69 ns";"6,564.672 ns";"9,825.692 ns";"251,811.99 ns";-38%;3.9%
Dictionary;Job-DJTJZX;False;Default;Default;Default;Default;Default;Default;11111111;Empty;RyuJit;Default;X64;8c5e7fda-e8bf-4a96-9a85-a6e23a8c635c;.NET 8.0;False;True;False;True;Default;Default;False;False;False;Default;Default;Default;Default;Default;Default;Default;Default;30;Default;Default;Default;Default;Default;Default;Default;Default;16;Default;74800;"430,017.92 ns";"8,519.240 ns";"12,751.198 ns";"425,345.46 ns";baseline;
FrozenDictionary;Job-DJTJZX;False;Default;Default;Default;Default;Default;Default;11111111;Empty;RyuJit;Default;X64;8c5e7fda-e8bf-4a96-9a85-a6e23a8c635c;.NET 8.0;False;True;False;True;Default;Default;False;False;False;Default;Default;Default;Default;Default;Default;Default;Default;30;Default;Default;Default;Default;Default;Default;Default;Default;16;Default;74800;"272,320.91 ns";"6,680.836 ns";"9,999.561 ns";"274,909.81 ns";-37%;4.7%
Dictionary;Job-DJTJZX;False;Default;Default;Default;Default;Default;Default;11111111;Empty;RyuJit;Default;X64;8c5e7fda-e8bf-4a96-9a85-a6e23a8c635c;.NET 8.0;False;True;False;True;Default;Default;False;False;False;Default;Default;Default;Default;Default;Default;Default;Default;30;Default;Default;Default;Default;Default;Default;Default;Default;16;Default;78400;"457,679.84 ns";"10,352.552 ns";"15,495.212 ns";"456,497.51 ns";baseline;
FrozenDictionary;Job-DJTJZX;False;Default;Default;Default;Default;Default;Default;11111111;Empty;RyuJit;Default;X64;8c5e7fda-e8bf-4a96-9a85-a6e23a8c635c;.NET 8.0;False;True;False;True;Default;Default;False;False;False;Default;Default;Default;Default;Default;Default;Default;Default;30;Default;Default;Default;Default;Default;Default;Default;Default;16;Default;78400;"283,218.74 ns";"7,445.796 ns";"11,144.517 ns";"281,982.81 ns";-38%;5.8%
Dictionary;Job-DJTJZX;False;Default;Default;Default;Default;Default;Default;11111111;Empty;RyuJit;Default;X64;8c5e7fda-e8bf-4a96-9a85-a6e23a8c635c;.NET 8.0;False;True;False;True;Default;Default;False;False;False;Default;Default;Default;Default;Default;Default;Default;Default;30;Default;Default;Default;Default;Default;Default;Default;Default;16;Default;82000;"470,083.39 ns";"8,575.097 ns";"12,298.148 ns";"463,463.23 ns";baseline;
FrozenDictionary;Job-DJTJZX;False;Default;Default;Default;Default;Default;Default;11111111;Empty;RyuJit;Default;X64;8c5e7fda-e8bf-4a96-9a85-a6e23a8c635c;.NET 8.0;False;True;False;True;Default;Default;False;False;False;Default;Default;Default;Default;Default;Default;Default;Default;30;Default;Default;Default;Default;Default;Default;Default;Default;16;Default;82000;"289,283.92 ns";"6,652.818 ns";"9,957.624 ns";"287,206.42 ns";-39%;4.1%
Dictionary;Job-DJTJZX;False;Default;Default;Default;Default;Default;Default;11111111;Empty;RyuJit;Default;X64;8c5e7fda-e8bf-4a96-9a85-a6e23a8c635c;.NET 8.0;False;True;False;True;Default;Default;False;False;False;Default;Default;Default;Default;Default;Default;Default;Default;30;Default;Default;Default;Default;Default;Default;Default;Default;16;Default;85600;"501,445.50 ns";"12,125.324 ns";"18,148.615 ns";"492,552.49 ns";baseline;
FrozenDictionary;Job-DJTJZX;False;Default;Default;Default;Default;Default;Default;11111111;Empty;RyuJit;Default;X64;8c5e7fda-e8bf-4a96-9a85-a6e23a8c635c;.NET 8.0;False;True;False;True;Default;Default;False;False;False;Default;Default;Default;Default;Default;Default;Default;Default;30;Default;Default;Default;Default;Default;Default;Default;Default;16;Default;85600;"304,252.72 ns";"7,954.609 ns";"11,906.084 ns";"300,654.05 ns";-39%;3.9%
Dictionary;Job-DJTJZX;False;Default;Default;Default;Default;Default;Default;11111111;Empty;RyuJit;Default;X64;8c5e7fda-e8bf-4a96-9a85-a6e23a8c635c;.NET 8.0;False;True;False;True;Default;Default;False;False;False;Default;Default;Default;Default;Default;Default;Default;Default;30;Default;Default;Default;Default;Default;Default;Default;Default;16;Default;89200;"518,238.08 ns";"12,400.095 ns";"18,559.878 ns";"512,065.62 ns";baseline;
FrozenDictionary;Job-DJTJZX;False;Default;Default;Default;Default;Default;Default;11111111;Empty;RyuJit;Default;X64;8c5e7fda-e8bf-4a96-9a85-a6e23a8c635c;.NET 8.0;False;True;False;True;Default;Default;False;False;False;Default;Default;Default;Default;Default;Default;Default;Default;30;Default;Default;Default;Default;Default;Default;Default;Default;16;Default;89200;"320,362.39 ns";"8,613.179 ns";"12,891.800 ns";"318,263.26 ns";-38%;4.4%
Dictionary;Job-DJTJZX;False;Default;Default;Default;Default;Default;Default;11111111;Empty;RyuJit;Default;X64;8c5e7fda-e8bf-4a96-9a85-a6e23a8c635c;.NET 8.0;False;True;False;True;Default;Default;False;False;False;Default;Default;Default;Default;Default;Default;Default;Default;30;Default;Default;Default;Default;Default;Default;Default;Default;16;Default;92800;"548,894.64 ns";"13,027.853 ns";"19,499.477 ns";"547,986.87 ns";baseline;
FrozenDictionary;Job-DJTJZX;False;Default;Default;Default;Default;Default;Default;11111111;Empty;RyuJit;Default;X64;8c5e7fda-e8bf-4a96-9a85-a6e23a8c635c;.NET 8.0;False;True;False;True;Default;Default;False;False;False;Default;Default;Default;Default;Default;Default;Default;Default;30;Default;Default;Default;Default;Default;Default;Default;Default;16;Default;92800;"327,471.30 ns";"8,123.701 ns";"12,159.173 ns";"323,804.15 ns";-40%;5.9%
Dictionary;Job-DJTJZX;False;Default;Default;Default;Default;Default;Default;11111111;Empty;RyuJit;Default;X64;8c5e7fda-e8bf-4a96-9a85-a6e23a8c635c;.NET 8.0;False;True;False;True;Default;Default;False;False;False;Default;Default;Default;Default;Default;Default;Default;Default;30;Default;Default;Default;Default;Default;Default;Default;Default;16;Default;96400;"564,345.20 ns";"13,492.271 ns";"20,194.596 ns";"559,457.18 ns";baseline;
FrozenDictionary;Job-DJTJZX;False;Default;Default;Default;Default;Default;Default;11111111;Empty;RyuJit;Default;X64;8c5e7fda-e8bf-4a96-9a85-a6e23a8c635c;.NET 8.0;False;True;False;True;Default;Default;False;False;False;Default;Default;Default;Default;Default;Default;Default;Default;30;Default;Default;Default;Default;Default;Default;Default;Default;16;Default;96400;"342,045.00 ns";"9,245.687 ns";"13,838.509 ns";"336,426.25 ns";-39%;4.9%
Dictionary;Job-DJTJZX;False;Default;Default;Default;Default;Default;Default;11111111;Empty;RyuJit;Default;X64;8c5e7fda-e8bf-4a96-9a85-a6e23a8c635c;.NET 8.0;False;True;False;True;Default;Default;False;False;False;Default;Default;Default;Default;Default;Default;Default;Default;30;Default;Default;Default;Default;Default;Default;Default;Default;16;Default;100000;"578,446.47 ns";"10,163.911 ns";"14,248.384 ns";"569,639.45 ns";baseline;
FrozenDictionary;Job-DJTJZX;False;Default;Default;Default;Default;Default;Default;11111111;Empty;RyuJit;Default;X64;8c5e7fda-e8bf-4a96-9a85-a6e23a8c635c;.NET 8.0;False;True;False;True;Default;Default;False;False;False;Default;Default;Default;Default;Default;Default;Default;Default;30;Default;Default;Default;Default;Default;Default;Default;Default;16;Default;100000;"352,345.00 ns";"7,775.088 ns";"10,899.588 ns";"345,841.89 ns";-39%;4.6%
Dictionary;Job-DJTJZX;False;Default;Default;Default;Default;Default;Default;11111111;Empty;RyuJit;Default;X64;8c5e7fda-e8bf-4a96-9a85-a6e23a8c635c;.NET 8.0;False;True;False;True;Default;Default;False;False;False;Default;Default;Default;Default;Default;Default;Default;Default;30;Default;Default;Default;Default;Default;Default;Default;Default;16;Default;136000;"798,006.04 ns";"18,271.040 ns";"27,347.233 ns";"784,658.50 ns";baseline;
FrozenDictionary;Job-DJTJZX;False;Default;Default;Default;Default;Default;Default;11111111;Empty;RyuJit;Default;X64;8c5e7fda-e8bf-4a96-9a85-a6e23a8c635c;.NET 8.0;False;True;False;True;Default;Default;False;False;False;Default;Default;Default;Default;Default;Default;Default;Default;30;Default;Default;Default;Default;Default;Default;Default;Default;16;Default;136000;"504,619.18 ns";"11,197.809 ns";"16,760.353 ns";"498,300.29 ns";-37%;5.0%
Dictionary;Job-DJTJZX;False;Default;Default;Default;Default;Default;Default;11111111;Empty;RyuJit;Default;X64;8c5e7fda-e8bf-4a96-9a85-a6e23a8c635c;.NET 8.0;False;True;False;True;Default;Default;False;False;False;Default;Default;Default;Default;Default;Default;Default;Default;30;Default;Default;Default;Default;Default;Default;Default;Default;16;Default;172000;"1,013,316.91 ns";"13,528.090 ns";"18,517.403 ns";"1,015,686.43 ns";baseline;
FrozenDictionary;Job-DJTJZX;False;Default;Default;Default;Default;Default;Default;11111111;Empty;RyuJit;Default;X64;8c5e7fda-e8bf-4a96-9a85-a6e23a8c635c;.NET 8.0;False;True;False;True;Default;Default;False;False;False;Default;Default;Default;Default;Default;Default;Default;Default;30;Default;Default;Default;Default;Default;Default;Default;Default;16;Default;172000;"629,604.22 ns";"12,115.259 ns";"18,133.550 ns";"617,741.55 ns";-38%;3.5%
Dictionary;Job-DJTJZX;False;Default;Default;Default;Default;Default;Default;11111111;Empty;RyuJit;Default;X64;8c5e7fda-e8bf-4a96-9a85-a6e23a8c635c;.NET 8.0;False;True;False;True;Default;Default;False;False;False;Default;Default;Default;Default;Default;Default;Default;Default;30;Default;Default;Default;Default;Default;Default;Default;Default;16;Default;208000;"1,210,314.17 ns";"14,241.430 ns";"21,315.901 ns";"1,208,432.62 ns";baseline;
FrozenDictionary;Job-DJTJZX;False;Default;Default;Default;Default;Default;Default;11111111;Empty;RyuJit;Default;X64;8c5e7fda-e8bf-4a96-9a85-a6e23a8c635c;.NET 8.0;False;True;False;True;Default;Default;False;False;False;Default;Default;Default;Default;Default;Default;Default;Default;30;Default;Default;Default;Default;Default;Default;Default;Default;16;Default;208000;"769,613.69 ns";"2,168.868 ns";"2,968.771 ns";"769,277.00 ns";-36%;1.9%
Dictionary;Job-DJTJZX;False;Default;Default;Default;Default;Default;Default;11111111;Empty;RyuJit;Default;X64;8c5e7fda-e8bf-4a96-9a85-a6e23a8c635c;.NET 8.0;False;True;False;True;Default;Default;False;False;False;Default;Default;Default;Default;Default;Default;Default;Default;30;Default;Default;Default;Default;Default;Default;Default;Default;16;Default;244000;"1,438,965.29 ns";"2,879.871 ns";"4,037.177 ns";"1,439,374.90 ns";baseline;
FrozenDictionary;Job-DJTJZX;False;Default;Default;Default;Default;Default;Default;11111111;Empty;RyuJit;Default;X64;8c5e7fda-e8bf-4a96-9a85-a6e23a8c635c;.NET 8.0;False;True;False;True;Default;Default;False;False;False;Default;Default;Default;Default;Default;Default;Default;Default;30;Default;Default;Default;Default;Default;Default;Default;Default;16;Default;244000;"914,131.68 ns";"5,989.416 ns";"8,779.208 ns";"909,633.30 ns";-36%;1.0%
Dictionary;Job-DJTJZX;False;Default;Default;Default;Default;Default;Default;11111111;Empty;RyuJit;Default;X64;8c5e7fda-e8bf-4a96-9a85-a6e23a8c635c;.NET 8.0;False;True;False;True;Default;Default;False;False;False;Default;Default;Default;Default;Default;Default;Default;Default;30;Default;Default;Default;Default;Default;Default;Default;Default;16;Default;280000;"1,647,415.95 ns";"6,268.208 ns";"8,787.153 ns";"1,644,200.29 ns";baseline;
FrozenDictionary;Job-DJTJZX;False;Default;Default;Default;Default;Default;Default;11111111;Empty;RyuJit;Default;X64;8c5e7fda-e8bf-4a96-9a85-a6e23a8c635c;.NET 8.0;False;True;False;True;Default;Default;False;False;False;Default;Default;Default;Default;Default;Default;Default;Default;30;Default;Default;Default;Default;Default;Default;Default;Default;16;Default;280000;"1,046,502.62 ns";"6,931.304 ns";"9,940.670 ns";"1,043,844.92 ns";-36%;1.1%
Dictionary;Job-DJTJZX;False;Default;Default;Default;Default;Default;Default;11111111;Empty;RyuJit;Default;X64;8c5e7fda-e8bf-4a96-9a85-a6e23a8c635c;.NET 8.0;False;True;False;True;Default;Default;False;False;False;Default;Default;Default;Default;Default;Default;Default;Default;30;Default;Default;Default;Default;Default;Default;Default;Default;16;Default;316000;"1,865,808.51 ns";"4,208.242 ns";"5,899.367 ns";"1,865,651.07 ns";baseline;
FrozenDictionary;Job-DJTJZX;False;Default;Default;Default;Default;Default;Default;11111111;Empty;RyuJit;Default;X64;8c5e7fda-e8bf-4a96-9a85-a6e23a8c635c;.NET 8.0;False;True;False;True;Default;Default;False;False;False;Default;Default;Default;Default;Default;Default;Default;Default;30;Default;Default;Default;Default;Default;Default;Default;Default;16;Default;316000;"1,172,489.77 ns";"3,718.400 ns";"5,450.383 ns";"1,170,066.60 ns";-37%;0.6%
Dictionary;Job-DJTJZX;False;Default;Default;Default;Default;Default;Default;11111111;Empty;RyuJit;Default;X64;8c5e7fda-e8bf-4a96-9a85-a6e23a8c635c;.NET 8.0;False;True;False;True;Default;Default;False;False;False;Default;Default;Default;Default;Default;Default;Default;Default;30;Default;Default;Default;Default;Default;Default;Default;Default;16;Default;352000;"2,077,678.36 ns";"4,714.311 ns";"6,293.469 ns";"2,078,139.45 ns";baseline;
FrozenDictionary;Job-DJTJZX;False;Default;Default;Default;Default;Default;Default;11111111;Empty;RyuJit;Default;X64;8c5e7fda-e8bf-4a96-9a85-a6e23a8c635c;.NET 8.0;False;True;False;True;Default;Default;False;False;False;Default;Default;Default;Default;Default;Default;Default;Default;30;Default;Default;Default;Default;Default;Default;Default;Default;16;Default;352000;"1,314,127.67 ns";"5,313.283 ns";"7,448.481 ns";"1,313,145.51 ns";-37%;0.7%
Dictionary;Job-DJTJZX;False;Default;Default;Default;Default;Default;Default;11111111;Empty;RyuJit;Default;X64;8c5e7fda-e8bf-4a96-9a85-a6e23a8c635c;.NET 8.0;False;True;False;True;Default;Default;False;False;False;Default;Default;Default;Default;Default;Default;Default;Default;30;Default;Default;Default;Default;Default;Default;Default;Default;16;Default;388000;"2,301,046.24 ns";"12,368.390 ns";"18,129.426 ns";"2,297,126.95 ns";baseline;
FrozenDictionary;Job-DJTJZX;False;Default;Default;Default;Default;Default;Default;11111111;Empty;RyuJit;Default;X64;8c5e7fda-e8bf-4a96-9a85-a6e23a8c635c;.NET 8.0;False;True;False;True;Default;Default;False;False;False;Default;Default;Default;Default;Default;Default;Default;Default;30;Default;Default;Default;Default;Default;Default;Default;Default;16;Default;388000;"1,449,674.65 ns";"5,414.133 ns";"7,410.926 ns";"1,447,279.98 ns";-37%;0.9%
Dictionary;Job-DJTJZX;False;Default;Default;Default;Default;Default;Default;11111111;Empty;RyuJit;Default;X64;8c5e7fda-e8bf-4a96-9a85-a6e23a8c635c;.NET 8.0;False;True;False;True;Default;Default;False;False;False;Default;Default;Default;Default;Default;Default;Default;Default;30;Default;Default;Default;Default;Default;Default;Default;Default;16;Default;424000;"2,499,329.40 ns";"6,717.679 ns";"9,195.235 ns";"2,497,119.14 ns";baseline;
FrozenDictionary;Job-DJTJZX;False;Default;Default;Default;Default;Default;Default;11111111;Empty;RyuJit;Default;X64;8c5e7fda-e8bf-4a96-9a85-a6e23a8c635c;.NET 8.0;False;True;False;True;Default;Default;False;False;False;Default;Default;Default;Default;Default;Default;Default;Default;30;Default;Default;Default;Default;Default;Default;Default;Default;16;Default;424000;"1,567,911.00 ns";"3,119.228 ns";"4,372.722 ns";"1,566,261.52 ns";-37%;0.5%
Dictionary;Job-DJTJZX;False;Default;Default;Default;Default;Default;Default;11111111;Empty;RyuJit;Default;X64;8c5e7fda-e8bf-4a96-9a85-a6e23a8c635c;.NET 8.0;False;True;False;True;Default;Default;False;False;False;Default;Default;Default;Default;Default;Default;Default;Default;30;Default;Default;Default;Default;Default;Default;Default;Default;16;Default;460000;"2,858,574.41 ns";"43,777.698 ns";"65,524.398 ns";"2,883,013.67 ns";baseline;
FrozenDictionary;Job-DJTJZX;False;Default;Default;Default;Default;Default;Default;11111111;Empty;RyuJit;Default;X64;8c5e7fda-e8bf-4a96-9a85-a6e23a8c635c;.NET 8.0;False;True;False;True;Default;Default;False;False;False;Default;Default;Default;Default;Default;Default;Default;Default;30;Default;Default;Default;Default;Default;Default;Default;Default;16;Default;460000;"1,714,433.00 ns";"10,488.671 ns";"15,698.949 ns";"1,713,380.76 ns";-40%;2.3%
Dictionary;Job-DJTJZX;False;Default;Default;Default;Default;Default;Default;11111111;Empty;RyuJit;Default;X64;8c5e7fda-e8bf-4a96-9a85-a6e23a8c635c;.NET 8.0;False;True;False;True;Default;Default;False;False;False;Default;Default;Default;Default;Default;Default;Default;Default;30;Default;Default;Default;Default;Default;Default;Default;Default;16;Default;496000;"2,916,911.52 ns";"4,860.680 ns";"6,813.994 ns";"2,917,138.67 ns";baseline;
FrozenDictionary;Job-DJTJZX;False;Default;Default;Default;Default;Default;Default;11111111;Empty;RyuJit;Default;X64;8c5e7fda-e8bf-4a96-9a85-a6e23a8c635c;.NET 8.0;False;True;False;True;Default;Default;False;False;False;Default;Default;Default;Default;Default;Default;Default;Default;30;Default;Default;Default;Default;Default;Default;Default;Default;16;Default;496000;"1,862,583.81 ns";"12,625.351 ns";"16,854.481 ns";"1,856,454.98 ns";-36%;0.9%
Dictionary;Job-DJTJZX;False;Default;Default;Default;Default;Default;Default;11111111;Empty;RyuJit;Default;X64;8c5e7fda-e8bf-4a96-9a85-a6e23a8c635c;.NET 8.0;False;True;False;True;Default;Default;False;False;False;Default;Default;Default;Default;Default;Default;Default;Default;30;Default;Default;Default;Default;Default;Default;Default;Default;16;Default;532000;"3,178,352.30 ns";"21,689.808 ns";"31,792.640 ns";"3,176,417.97 ns";baseline;
FrozenDictionary;Job-DJTJZX;False;Default;Default;Default;Default;Default;Default;11111111;Empty;RyuJit;Default;X64;8c5e7fda-e8bf-4a96-9a85-a6e23a8c635c;.NET 8.0;False;True;False;True;Default;Default;False;False;False;Default;Default;Default;Default;Default;Default;Default;Default;30;Default;Default;Default;Default;Default;Default;Default;Default;16;Default;532000;"2,310,764.63 ns";"5,452.145 ns";"7,278.457 ns";"2,308,622.46 ns";-27%;1.1%
Dictionary;Job-DJTJZX;False;Default;Default;Default;Default;Default;Default;11111111;Empty;RyuJit;Default;X64;8c5e7fda-e8bf-4a96-9a85-a6e23a8c635c;.NET 8.0;False;True;False;True;Default;Default;False;False;False;Default;Default;Default;Default;Default;Default;Default;Default;30;Default;Default;Default;Default;Default;Default;Default;Default;16;Default;568000;"3,356,504.30 ns";"9,231.877 ns";"13,531.966 ns";"3,352,045.70 ns";baseline;
FrozenDictionary;Job-DJTJZX;False;Default;Default;Default;Default;Default;Default;11111111;Empty;RyuJit;Default;X64;8c5e7fda-e8bf-4a96-9a85-a6e23a8c635c;.NET 8.0;False;True;False;True;Default;Default;False;False;False;Default;Default;Default;Default;Default;Default;Default;Default;30;Default;Default;Default;Default;Default;Default;Default;Default;16;Default;568000;"2,119,173.89 ns";"9,667.460 ns";"14,170.438 ns";"2,112,700.98 ns";-37%;0.8%
Dictionary;Job-DJTJZX;False;Default;Default;Default;Default;Default;Default;11111111;Empty;RyuJit;Default;X64;8c5e7fda-e8bf-4a96-9a85-a6e23a8c635c;.NET 8.0;False;True;False;True;Default;Default;False;False;False;Default;Default;Default;Default;Default;Default;Default;Default;30;Default;Default;Default;Default;Default;Default;Default;Default;16;Default;604000;"3,569,526.37 ns";"8,799.672 ns";"12,045.090 ns";"3,569,439.26 ns";baseline;
FrozenDictionary;Job-DJTJZX;False;Default;Default;Default;Default;Default;Default;11111111;Empty;RyuJit;Default;X64;8c5e7fda-e8bf-4a96-9a85-a6e23a8c635c;.NET 8.0;False;True;False;True;Default;Default;False;False;False;Default;Default;Default;Default;Default;Default;Default;Default;30;Default;Default;Default;Default;Default;Default;Default;Default;16;Default;604000;"2,256,438.56 ns";"8,682.936 ns";"12,452.807 ns";"2,252,608.59 ns";-37%;0.6%
Dictionary;Job-DJTJZX;False;Default;Default;Default;Default;Default;Default;11111111;Empty;RyuJit;Default;X64;8c5e7fda-e8bf-4a96-9a85-a6e23a8c635c;.NET 8.0;False;True;False;True;Default;Default;False;False;False;Default;Default;Default;Default;Default;Default;Default;Default;30;Default;Default;Default;Default;Default;Default;Default;Default;16;Default;640000;"3,788,198.94 ns";"17,373.488 ns";"23,193.107 ns";"3,780,884.38 ns";baseline;
FrozenDictionary;Job-DJTJZX;False;Default;Default;Default;Default;Default;Default;11111111;Empty;RyuJit;Default;X64;8c5e7fda-e8bf-4a96-9a85-a6e23a8c635c;.NET 8.0;False;True;False;True;Default;Default;False;False;False;Default;Default;Default;Default;Default;Default;Default;Default;30;Default;Default;Default;Default;Default;Default;Default;Default;16;Default;640000;"2,385,025.31 ns";"11,842.634 ns";"16,601.718 ns";"2,378,835.35 ns";-37%;0.9%
Dictionary;Job-DJTJZX;False;Default;Default;Default;Default;Default;Default;11111111;Empty;RyuJit;Default;X64;8c5e7fda-e8bf-4a96-9a85-a6e23a8c635c;.NET 8.0;False;True;False;True;Default;Default;False;False;False;Default;Default;Default;Default;Default;Default;Default;Default;30;Default;Default;Default;Default;Default;Default;Default;Default;16;Default;676000;"3,989,589.91 ns";"11,251.889 ns";"16,492.873 ns";"3,983,973.83 ns";baseline;
FrozenDictionary;Job-DJTJZX;False;Default;Default;Default;Default;Default;Default;11111111;Empty;RyuJit;Default;X64;8c5e7fda-e8bf-4a96-9a85-a6e23a8c635c;.NET 8.0;False;True;False;True;Default;Default;False;False;False;Default;Default;Default;Default;Default;Default;Default;Default;30;Default;Default;Default;Default;Default;Default;Default;Default;16;Default;676000;"2,532,109.53 ns";"12,802.024 ns";"17,946.649 ns";"2,529,226.76 ns";-37%;1.0%
Dictionary;Job-DJTJZX;False;Default;Default;Default;Default;Default;Default;11111111;Empty;RyuJit;Default;X64;8c5e7fda-e8bf-4a96-9a85-a6e23a8c635c;.NET 8.0;False;True;False;True;Default;Default;False;False;False;Default;Default;Default;Default;Default;Default;Default;Default;30;Default;Default;Default;Default;Default;Default;Default;Default;16;Default;712000;"4,199,584.90 ns";"13,229.524 ns";"19,801.328 ns";"4,192,952.73 ns";baseline;
FrozenDictionary;Job-DJTJZX;False;Default;Default;Default;Default;Default;Default;11111111;Empty;RyuJit;Default;X64;8c5e7fda-e8bf-4a96-9a85-a6e23a8c635c;.NET 8.0;False;True;False;True;Default;Default;False;False;False;Default;Default;Default;Default;Default;Default;Default;Default;30;Default;Default;Default;Default;Default;Default;Default;Default;16;Default;712000;"2,671,830.55 ns";"6,321.196 ns";"9,065.670 ns";"2,669,949.80 ns";-36%;0.6%
Dictionary;Job-DJTJZX;False;Default;Default;Default;Default;Default;Default;11111111;Empty;RyuJit;Default;X64;8c5e7fda-e8bf-4a96-9a85-a6e23a8c635c;.NET 8.0;False;True;False;True;Default;Default;False;False;False;Default;Default;Default;Default;Default;Default;Default;Default;30;Default;Default;Default;Default;Default;Default;Default;Default;16;Default;748000;"4,434,134.00 ns";"22,253.019 ns";"31,195.625 ns";"4,421,891.41 ns";baseline;
FrozenDictionary;Job-DJTJZX;False;Default;Default;Default;Default;Default;Default;11111111;Empty;RyuJit;Default;X64;8c5e7fda-e8bf-4a96-9a85-a6e23a8c635c;.NET 8.0;False;True;False;True;Default;Default;False;False;False;Default;Default;Default;Default;Default;Default;Default;Default;30;Default;Default;Default;Default;Default;Default;Default;Default;16;Default;748000;"2,810,554.34 ns";"10,128.260 ns";"13,863.676 ns";"2,807,878.12 ns";-37%;0.9%
Dictionary;Job-DJTJZX;False;Default;Default;Default;Default;Default;Default;11111111;Empty;RyuJit;Default;X64;8c5e7fda-e8bf-4a96-9a85-a6e23a8c635c;.NET 8.0;False;True;False;True;Default;Default;False;False;False;Default;Default;Default;Default;Default;Default;Default;Default;30;Default;Default;Default;Default;Default;Default;Default;Default;16;Default;784000;"4,658,309.79 ns";"26,911.923 ns";"38,596.276 ns";"4,640,517.58 ns";baseline;
FrozenDictionary;Job-DJTJZX;False;Default;Default;Default;Default;Default;Default;11111111;Empty;RyuJit;Default;X64;8c5e7fda-e8bf-4a96-9a85-a6e23a8c635c;.NET 8.0;False;True;False;True;Default;Default;False;False;False;Default;Default;Default;Default;Default;Default;Default;Default;30;Default;Default;Default;Default;Default;Default;Default;Default;16;Default;784000;"2,943,124.65 ns";"9,279.526 ns";"13,008.600 ns";"2,942,956.64 ns";-37%;0.8%
Dictionary;Job-DJTJZX;False;Default;Default;Default;Default;Default;Default;11111111;Empty;RyuJit;Default;X64;8c5e7fda-e8bf-4a96-9a85-a6e23a8c635c;.NET 8.0;False;True;False;True;Default;Default;False;False;False;Default;Default;Default;Default;Default;Default;Default;Default;30;Default;Default;Default;Default;Default;Default;Default;Default;16;Default;820000;"4,866,397.84 ns";"21,334.439 ns";"31,271.745 ns";"4,858,498.44 ns";baseline;
FrozenDictionary;Job-DJTJZX;False;Default;Default;Default;Default;Default;Default;11111111;Empty;RyuJit;Default;X64;8c5e7fda-e8bf-4a96-9a85-a6e23a8c635c;.NET 8.0;False;True;False;True;Default;Default;False;False;False;Default;Default;Default;Default;Default;Default;Default;Default;30;Default;Default;Default;Default;Default;Default;Default;Default;16;Default;820000;"3,032,484.17 ns";"17,304.930 ns";"24,818.214 ns";"3,028,412.30 ns";-38%;1.2%
Dictionary;Job-DJTJZX;False;Default;Default;Default;Default;Default;Default;11111111;Empty;RyuJit;Default;X64;8c5e7fda-e8bf-4a96-9a85-a6e23a8c635c;.NET 8.0;False;True;False;True;Default;Default;False;False;False;Default;Default;Default;Default;Default;Default;Default;Default;30;Default;Default;Default;Default;Default;Default;Default;Default;16;Default;856000;"5,041,170.03 ns";"14,344.274 ns";"19,149.194 ns";"5,039,428.12 ns";baseline;
FrozenDictionary;Job-DJTJZX;False;Default;Default;Default;Default;Default;Default;11111111;Empty;RyuJit;Default;X64;8c5e7fda-e8bf-4a96-9a85-a6e23a8c635c;.NET 8.0;False;True;False;True;Default;Default;False;False;False;Default;Default;Default;Default;Default;Default;Default;Default;30;Default;Default;Default;Default;Default;Default;Default;Default;16;Default;856000;"3,179,691.98 ns";"18,550.634 ns";"26,604.764 ns";"3,165,268.75 ns";-37%;1.0%
Dictionary;Job-DJTJZX;False;Default;Default;Default;Default;Default;Default;11111111;Empty;RyuJit;Default;X64;8c5e7fda-e8bf-4a96-9a85-a6e23a8c635c;.NET 8.0;False;True;False;True;Default;Default;False;False;False;Default;Default;Default;Default;Default;Default;Default;Default;30;Default;Default;Default;Default;Default;Default;Default;Default;16;Default;892000;"5,240,182.06 ns";"15,352.877 ns";"22,018.638 ns";"5,232,751.17 ns";baseline;
FrozenDictionary;Job-DJTJZX;False;Default;Default;Default;Default;Default;Default;11111111;Empty;RyuJit;Default;X64;8c5e7fda-e8bf-4a96-9a85-a6e23a8c635c;.NET 8.0;False;True;False;True;Default;Default;False;False;False;Default;Default;Default;Default;Default;Default;Default;Default;30;Default;Default;Default;Default;Default;Default;Default;Default;16;Default;892000;"3,334,812.76 ns";"11,879.806 ns";"16,653.829 ns";"3,330,306.64 ns";-36%;0.6%
Dictionary;Job-DJTJZX;False;Default;Default;Default;Default;Default;Default;11111111;Empty;RyuJit;Default;X64;8c5e7fda-e8bf-4a96-9a85-a6e23a8c635c;.NET 8.0;False;True;False;True;Default;Default;False;False;False;Default;Default;Default;Default;Default;Default;Default;Default;30;Default;Default;Default;Default;Default;Default;Default;Default;16;Default;928000;"5,464,392.89 ns";"9,832.904 ns";"14,102.058 ns";"5,463,818.36 ns";baseline;
FrozenDictionary;Job-DJTJZX;False;Default;Default;Default;Default;Default;Default;11111111;Empty;RyuJit;Default;X64;8c5e7fda-e8bf-4a96-9a85-a6e23a8c635c;.NET 8.0;False;True;False;True;Default;Default;False;False;False;Default;Default;Default;Default;Default;Default;Default;Default;30;Default;Default;Default;Default;Default;Default;Default;Default;16;Default;928000;"3,494,367.29 ns";"5,665.889 ns";"8,125.849 ns";"3,493,650.98 ns";-36%;0.3%
Dictionary;Job-DJTJZX;False;Default;Default;Default;Default;Default;Default;11111111;Empty;RyuJit;Default;X64;8c5e7fda-e8bf-4a96-9a85-a6e23a8c635c;.NET 8.0;False;True;False;True;Default;Default;False;False;False;Default;Default;Default;Default;Default;Default;Default;Default;30;Default;Default;Default;Default;Default;Default;Default;Default;16;Default;964000;"5,865,146.33 ns";"208,388.017 ns";"285,243.870 ns";"5,764,602.34 ns";baseline;
FrozenDictionary;Job-DJTJZX;False;Default;Default;Default;Default;Default;Default;11111111;Empty;RyuJit;Default;X64;8c5e7fda-e8bf-4a96-9a85-a6e23a8c635c;.NET 8.0;False;True;False;True;Default;Default;False;False;False;Default;Default;Default;Default;Default;Default;Default;Default;30;Default;Default;Default;Default;Default;Default;Default;Default;16;Default;964000;"3,590,859.38 ns";"24,995.697 ns";"35,848.081 ns";"3,590,068.75 ns";-39%;4.5%
Dictionary;Job-DJTJZX;False;Default;Default;Default;Default;Default;Default;11111111;Empty;RyuJit;Default;X64;8c5e7fda-e8bf-4a96-9a85-a6e23a8c635c;.NET 8.0;False;True;False;True;Default;Default;False;False;False;Default;Default;Default;Default;Default;Default;Default;Default;30;Default;Default;Default;Default;Default;Default;Default;Default;16;Default;1000000;"5,983,284.50 ns";"62,172.873 ns";"85,102.930 ns";"5,954,269.92 ns";baseline;
FrozenDictionary;Job-DJTJZX;False;Default;Default;Default;Default;Default;Default;11111111;Empty;RyuJit;Default;X64;8c5e7fda-e8bf-4a96-9a85-a6e23a8c635c;.NET 8.0;False;True;False;True;Default;Default;False;False;False;Default;Default;Default;Default;Default;Default;Default;Default;30;Default;Default;Default;Default;Default;Default;Default;Default;16;Default;1000000;"3,746,842.58 ns";"25,274.956 ns";"35,431.959 ns";"3,740,455.86 ns";-37%;1.7%
